Anomaly_Type,Description_Norm,Counterparty_Core,Rule_ID,Txn_Count,Total_Amount,Avg_Amount,First_YearMonth,Last_YearMonth,Months_Span,Unique_Months,Recurrence_Pattern,Bank_Rail_Breakdown,Suggested_Category
OTHER_INCOME,CHEQUE DEPOSIT,CHEQUE DEPOSIT,R14_OTHER_INCOME,2,267653.37,133826.68,2023-11,2025-02,16,2,ONE_OFF,CHEQUE:$267653,
DISCRETIONARY,MISC DEBIT SB1012426283801,MISC DEBIT SB1012426283801,R15_GENERIC_OUTFLOW,1,-100000.0,-100000.0,2024-09,2024-09,1,1,ONE_OFF,OTHER:$100000,
OTHER_INCOME,PAYNOW-FAST PAYNOW OTHR TWINCAR LEASING PTE,PAYNOW-FAST PAYNOW OTHR TWINCAR LEASING PTE,R14_OTHER_INCOME,1,76000.0,76000.0,2025-11,2025-11,1,1,ONE_OFF,FAST:$76000,
DISCRETIONARY,PAYNOW-FAST MOTOR IMAGE ENTERPR MBK2511208260871899,PAYNOW-FAST MOTOR IMAGE ENTERPR MBK2511208260871899,R15_GENERIC_OUTFLOW,1,-68550.15,-68550.15,2025-11,2025-11,1,1,ONE_OFF,FAST:$68550,POSSIBLE_TRANSFER
DISCRETIONARY,PAYNOW-FAST PIB2408063198789257 KERING SOUTH EAST AS OTHR TRANSFER - UEN,PAYNOW-FAST PIB2408063198789257 KERING SOUTH EAST AS OTHR TRANSFER - UEN,R15_GENERIC_OUTFLOW,1,-28323.91,-28323.91,2024-08,2024-08,1,1,ONE_OFF,FAST:$28323,POSSIBLE_TRANSFER
DISCRETIONARY,PAYNOW-FAST PIB2404052022050233 SINGJOY PTE. LTD. OTHR INV-22308,PAYNOW-FAST PIB2404052022050233 SINGJOY PTE. LTD. OTHR INV-22308,R15_GENERIC_OUTFLOW,1,-23204.0,-23204.0,2024-04,2024-04,1,1,ONE_OFF,FAST:$23204,POSSIBLE_TRANSFER
DISCRETIONARY,MISC DEBIT 8018623927-00000,MISC DEBIT 8018623927-00000,R15_GENERIC_OUTFLOW,1,-20845.5,-20845.5,2024-11,2024-11,1,1,ONE_OFF,OTHER:$20845,
DISCRETIONARY,FUNDS TRANSFER MBK-3493939244,FUNDS TRANSFER MBK-3493939244,R15_GENERIC_OUTFLOW,16,-18795.0,-1174.69,2021-01,2025-05,53,14,ONE_OFF,OTHER:$18795,POSSIBLE_TRANSFER
DISCRETIONARY,MISC DEBIT (SRS) PIB2111215947733448 SRS CONT 180544711,MISC DEBIT (SRS) PIB2111215947733448 SRS CONT 180544711,R15_GENERIC_OUTFLOW,1,-15300.0,-15300.0,2021-11,2021-11,1,1,ONE_OFF,OTHER:$15300,
DISCRETIONARY,MISC DEBIT (SRS) PIB2111215947777062 SRS CONT 180544738,MISC DEBIT (SRS) PIB2111215947777062 SRS CONT 180544738,R15_GENERIC_OUTFLOW,1,-15300.0,-15300.0,2021-11,2021-11,1,1,ONE_OFF,OTHER:$15300,
DISCRETIONARY,MISC DEBIT (SRS) PIB2210067689850163 SRS CONT 180544711,MISC DEBIT (SRS) PIB2210067689850163 SRS CONT 180544711,R15_GENERIC_OUTFLOW,1,-15300.0,-15300.0,2022-10,2022-10,1,1,ONE_OFF,OTHER:$15300,
DISCRETIONARY,MISC DEBIT (SRS) PIB2210067690358805 SRS CONT 180544738,MISC DEBIT (SRS) PIB2210067690358805 SRS CONT 180544738,R15_GENERIC_OUTFLOW,1,-15300.0,-15300.0,2022-10,2022-10,1,1,ONE_OFF,OTHER:$15300,
DISCRETIONARY,MISC DEBIT (SRS) PIB2311260779403242 SRS CONT 180544711,MISC DEBIT (SRS) PIB2311260779403242 SRS CONT 180544711,R15_GENERIC_OUTFLOW,1,-15300.0,-15300.0,2023-11,2023-11,1,1,ONE_OFF,OTHER:$15300,
DISCRETIONARY,MISC DEBIT (SRS) PIB2312030855345656 SRS CONT 180544738,MISC DEBIT (SRS) PIB2312030855345656 SRS CONT 180544738,R15_GENERIC_OUTFLOW,1,-15300.0,-15300.0,2023-12,2023-12,1,1,ONE_OFF,OTHER:$15300,
DISCRETIONARY,MISC DEBIT (SRS) PIB2402031430938038 SRS CONT 180544711,MISC DEBIT (SRS) PIB2402031430938038 SRS CONT 180544711,R15_GENERIC_OUTFLOW,1,-15300.0,-15300.0,2024-02,2024-02,1,1,ONE_OFF,OTHER:$15300,
DISCRETIONARY,MISC DEBIT (SRS) PIB2407082913305123 SRS CONT 180544738,MISC DEBIT (SRS) PIB2407082913305123 SRS CONT 180544738,R15_GENERIC_OUTFLOW,1,-15300.0,-15300.0,2024-07,2024-07,1,1,ONE_OFF,OTHER:$15300,
DISCRETIONARY,MISC DEBIT (SRS) PIB2511148203104496 SRS CONT 180544738,MISC DEBIT (SRS) PIB2511148203104496 SRS CONT 180544738,R15_GENERIC_OUTFLOW,1,-15300.0,-15300.0,2025-11,2025-11,1,1,ONE_OFF,OTHER:$15300,
DISCRETIONARY,MISC DEBIT (SRS) PIB2511268331801019 SRS CONT 180544711,MISC DEBIT (SRS) PIB2511268331801019 SRS CONT 180544711,R15_GENERIC_OUTFLOW,1,-15300.0,-15300.0,2025-11,2025-11,1,1,ONE_OFF,OTHER:$15300,
DISCRETIONARY,PAYNOW-FAST PIB2212048050781800 CENTRAL PROVIDENT FU OTHR QARR3509001840826488,PAYNOW-FAST PIB2212048050781800 CENTRAL PROVIDENT FU OTHR QARR3509001840826488,R15_GENERIC_OUTFLOW,1,-8000.0,-8000.0,2022-12,2022-12,1,1,ONE_OFF,FAST:$8000,POSSIBLE_TRANSFER
DISCRETIONARY,PAYNOW-FAST PIB2212118098859190 CENTRAL PROVIDENT FU OTHR QARR4509001966008590,PAYNOW-FAST PIB2212118098859190 CENTRAL PROVIDENT FU OTHR QARR4509001966008590,R15_GENERIC_OUTFLOW,1,-8000.0,-8000.0,2022-12,2022-12,1,1,ONE_OFF,FAST:$8000,POSSIBLE_TRANSFER
DISCRETIONARY,PAYNOW-FAST PIB2312040868146309 CENTRAL PROVIDENT FU OTHR QARR3509011183824244,PAYNOW-FAST PIB2312040868146309 CENTRAL PROVIDENT FU OTHR QARR3509011183824244,R15_GENERIC_OUTFLOW,1,-8000.0,-8000.0,2023-12,2023-12,1,1,ONE_OFF,FAST:$8000,POSSIBLE_TRANSFER
DISCRETIONARY,PAYNOW-FAST PIB2312201011223482 CENTRAL PROVIDENT FU OTHR QARR3909012322596572,PAYNOW-FAST PIB2312201011223482 CENTRAL PROVIDENT FU OTHR QARR3909012322596572,R15_GENERIC_OUTFLOW,1,-8000.0,-8000.0,2023-12,2023-12,1,1,ONE_OFF,FAST:$8000,POSSIBLE_TRANSFER
DISCRETIONARY,PAYNOW-FAST PIB2312291091597011 CENTRAL PROVIDENT FU OTHR QARS3909013194724255,PAYNOW-FAST PIB2312291091597011 CENTRAL PROVIDENT FU OTHR QARS3909013194724255,R15_GENERIC_OUTFLOW,1,-8000.0,-8000.0,2023-12,2023-12,1,1,ONE_OFF,FAST:$8000,POSSIBLE_TRANSFER
DISCRETIONARY,PAYNOW-FAST PIB2312291091654062 CENTRAL PROVIDENT FU OTHR QARS4409013195510078,PAYNOW-FAST PIB2312291091654062 CENTRAL PROVIDENT FU OTHR QARS4409013195510078,R15_GENERIC_OUTFLOW,1,-8000.0,-8000.0,2023-12,2023-12,1,1,ONE_OFF,FAST:$8000,POSSIBLE_TRANSFER
DISCRETIONARY,PAYNOW-FAST PIB2412244603058736 CENTRAL PROVIDENT FU OTHR QARR3809039789500726,PAYNOW-FAST PIB2412244603058736 CENTRAL PROVIDENT FU OTHR QARR3809039789500726,R15_GENERIC_OUTFLOW,1,-8000.0,-8000.0,2024-12,2024-12,1,1,ONE_OFF,FAST:$8000,POSSIBLE_TRANSFER
DISCRETIONARY,PAYNOW-FAST PIB2412244603225188 CENTRAL PROVIDENT FU OTHR QARR3409039791995974,PAYNOW-FAST PIB2412244603225188 CENTRAL PROVIDENT FU OTHR QARR3409039791995974,R15_GENERIC_OUTFLOW,1,-8000.0,-8000.0,2024-12,2024-12,1,1,ONE_OFF,FAST:$8000,POSSIBLE_TRANSFER
DISCRETIONARY,PAYNOW-FAST PIB2511178232780379 CENTRAL PROVIDENT FU OTHR QARR3909070562313689,PAYNOW-FAST PIB2511178232780379 CENTRAL PROVIDENT FU OTHR QARR3909070562313689,R15_GENERIC_OUTFLOW,1,-8000.0,-8000.0,2025-11,2025-11,1,1,ONE_OFF,FAST:$8000,POSSIBLE_TRANSFER
DISCRETIONARY,PAYNOW-FAST RECHERCHE INTERIOR MBK2312020842312466,PAYNOW-FAST RECHERCHE INTERIOR MBK2312020842312466,R15_GENERIC_OUTFLOW,1,-7877.4,-7877.4,2023-12,2023-12,1,1,ONE_OFF,FAST:$7877,POSSIBLE_TRANSFER
DISCRETIONARY,PAYNOW-FAST PIB2509247605659559 ODYSSEY THE GLOBAL P OTHR 0000680861QRINODSR0005,PAYNOW-FAST PIB2509247605659559 ODYSSEY THE GLOBAL P OTHR 0000680861QRINODSR0005,R15_GENERIC_OUTFLOW,1,-7801.06,-7801.06,2025-09,2025-09,1,1,ONE_OFF,FAST:$7801,POSSIBLE_TRANSFER
DISCRETIONARY,BILL PAYMENT ENETS-CENTRAL PROVI 2021112119522885524,BILL PAYMENT ENETS-CENTRAL PROVI 2021112119522885524,R15_GENERIC_OUTFLOW,1,-7000.0,-7000.0,2021-11,2021-11,1,1,ONE_OFF,CARD:$7000,
DISCRETIONARY,BILL PAYMENT ENETS-CENTRAL PROVI 2021112120050243967,BILL PAYMENT ENETS-CENTRAL PROVI 2021112120050243967,R15_GENERIC_OUTFLOW,1,-7000.0,-7000.0,2021-11,2021-11,1,1,ONE_OFF,CARD:$7000,
OTHER_INCOME,MISC CREDIT ACCOUNT CLOSURE FOR CORP A/C;,MISC CREDIT ACCOUNT CLOSURE FOR CORP A/C;,R14_OTHER_INCOME,1,6436.0,6436.0,2022-08,2022-08,1,1,ONE_OFF,OTHER:$6436,
DISCRETIONARY,PAYNOW-FAST PIB2310170439594076 WOOD & WOOD FLOORING OTHR WW/QT/ET-23-113,PAYNOW-FAST PIB2310170439594076 WOOD & WOOD FLOORING OTHR WW/QT/ET-23-113,R15_GENERIC_OUTFLOW,1,-6092.0,-6092.0,2023-10,2023-10,1,1,ONE_OFF,FAST:$6092,POSSIBLE_TRANSFER
DISCRETIONARY,PAYNOW-FAST PIB2405032284273978 SINGJOY PTE. LTD. OTHR INV-22377,PAYNOW-FAST PIB2405032284273978 SINGJOY PTE. LTD. OTHR INV-22377,R15_GENERIC_OUTFLOW,1,-5232.0,-5232.0,2024-05,2024-05,1,1,ONE_OFF,FAST:$5232,POSSIBLE_TRANSFER
DISCRETIONARY,FUNDS TRF - FAST PIB2402071482521815 052450 IVPT 2180227177LEAC,FUNDS TRF - FAST PIB2402071482521815 052450 IVPT 2180227177LEAC,R15_GENERIC_OUTFLOW,1,-5006.37,-5006.37,2024-02,2024-02,1,1,ONE_OFF,FAST:$5006,POSSIBLE_TRANSFER
DISCRETIONARY,CASH WITHDRAWAL-ATM 79608204,CASH WITHDRAWAL-ATM 79608204,R15_GENERIC_OUTFLOW,36,-4640.0,-128.89,2020-12,2024-04,41,24,SPORADIC,ATM:$4640,
DISCRETIONARY,PAYNOW-FAST RECHERCHE INTERIOR MBK2405042294278800,PAYNOW-FAST RECHERCHE INTERIOR MBK2405042294278800,R15_GENERIC_OUTFLOW,1,-4402.2,-4402.2,2024-05,2024-05,1,1,ONE_OFF,FAST:$4402,POSSIBLE_TRANSFER
OTHER_INCOME,PAYNOW-FAST PAYNOW OTHR CHAI CHANG HONG EXERCISE FEE SN2308030126,PAYNOW-FAST PAYNOW OTHR CHAI CHANG HONG EXERCISE FEE SN2308030126,R14_OTHER_INCOME,1,4000.0,4000.0,2023-08,2023-08,1,1,ONE_OFF,FAST:$4000,POSSIBLE_TRANSFER
DISCRETIONARY,PAYNOW-FAST SWEE HUAT HENG ENGI MBK2312050874920461,PAYNOW-FAST SWEE HUAT HENG ENGI MBK2312050874920461,R15_GENERIC_OUTFLOW,1,-3564.0,-3564.0,2023-12,2023-12,1,1,ONE_OFF,FAST:$3564,POSSIBLE_TRANSFER
DISCRETIONARY,PAYNOW-FAST PIB2404172133427310 THREECUBES PRIVATE L OTHR INV-20094,PAYNOW-FAST PIB2404172133427310 THREECUBES PRIVATE L OTHR INV-20094,R15_GENERIC_OUTFLOW,1,-3306.1,-3306.1,2024-04,2024-04,1,1,ONE_OFF,FAST:$3306,POSSIBLE_TRANSFER
OTHER_INCOME,INWARD CR - GIRO SUPP SUPPLIERPYMT MSF-CH DEVELOPMENT MSF-BBBB2024122804,INWARD CR - GIRO SUPP SUPPLIERPYMT MSF-CH DEVELOPMENT MSF-BBBB2024122804,R14_OTHER_INCOME,1,3000.0,3000.0,2024-04,2024-04,1,1,ONE_OFF,GIRO:$3000,
DISCRETIONARY,PAYNOW-FAST SKYGRILLES PTE. LTD MBK2312080905039570,PAYNOW-FAST SKYGRILLES PTE. LTD MBK2312080905039570,R15_GENERIC_OUTFLOW,1,-2816.0,-2816.0,2023-12,2023-12,1,1,ONE_OFF,FAST:$2816,POSSIBLE_TRANSFER
DISCRETIONARY,PAYNOW-FAST PIB2311280801652044 THREECUBES PRIVATE L OTHR QUOTE-20026,PAYNOW-FAST PIB2311280801652044 THREECUBES PRIVATE L OTHR QUOTE-20026,R15_GENERIC_OUTFLOW,1,-2750.0,-2750.0,2023-11,2023-11,1,1,ONE_OFF,FAST:$2750,POSSIBLE_TRANSFER
DISCRETIONARY,FUNDS TRANSFER MBK-3491284038,FUNDS TRANSFER MBK-3491284038,R15_GENERIC_OUTFLOW,2,-2500.0,-1250.0,2021-01,2023-01,25,2,ONE_OFF,OTHER:$2500,POSSIBLE_TRANSFER
DISCRETIONARY,PAYNOW-FAST PIB2311110659233113 SINGJOY PTE. LTD. OTHR SGQR,PAYNOW-FAST PIB2311110659233113 SINGJOY PTE. LTD. OTHR SGQR,R15_GENERIC_OUTFLOW,1,-2500.0,-2500.0,2023-11,2023-11,1,1,ONE_OFF,FAST:$2500,POSSIBLE_TRANSFER
DISCRETIONARY,PAYNOW-FAST PIB2312261058420178 KOOL CONNECTED WINDO OTHR 78248,PAYNOW-FAST PIB2312261058420178 KOOL CONNECTED WINDO OTHR 78248,R15_GENERIC_OUTFLOW,1,-2447.0,-2447.0,2023-12,2023-12,1,1,ONE_OFF,FAST:$2447,POSSIBLE_TRANSFER
DISCRETIONARY,PAYNOW-FAST MEGACOOL (SINGAPORE MBK2312140956071516,PAYNOW-FAST MEGACOOL (SINGAPORE MBK2312140956071516,R15_GENERIC_OUTFLOW,1,-2332.8,-2332.8,2023-12,2023-12,1,1,ONE_OFF,FAST:$2332,POSSIBLE_TRANSFER
DISCRETIONARY,FUNDS TRF - FAST PIB2409043481104801 0010468600 OTHR 2409042960960,FUNDS TRF - FAST PIB2409043481104801 0010468600 OTHR 2409042960960,R15_GENERIC_OUTFLOW,1,-2280.0,-2280.0,2024-09,2024-09,1,1,ONE_OFF,FAST:$2280,POSSIBLE_TRANSFER
OTHER_INCOME,FUNDS TRANSFER,FUNDS TRANSFER,R14_OTHER_INCOME,1,2095.0,2095.0,2024-05,2024-05,1,1,ONE_OFF,OTHER:$2095,
OTHER_INCOME,INWARD CR - GIRO OTHR OTHER BUILD BUILT PTE. LTD R23-444AL-VO7,INWARD CR - GIRO OTHR OTHER BUILD BUILT PTE. LTD R23-444AL-VO7,R14_OTHER_INCOME,1,1780.0,1780.0,2024-05,2024-05,1,1,ONE_OFF,GIRO:$1780,
DISCRETIONARY,FUNDS TRF - FAST PIB2411224268147710 695678292001 OTHR WENLONG-NOV24,FUNDS TRF - FAST PIB2411224268147710 695678292001 OTHR WENLONG-NOV24,R15_GENERIC_OUTFLOW,1,-1580.0,-1580.0,2024-11,2024-11,1,1,ONE_OFF,FAST:$1580,POSSIBLE_TRANSFER
DISCRETIONARY,PAYNOW-FAST PIB2409203630687694 GLOBAL TOTS MOUNTBAT OTHR SIOW WENLONG INFANT MA,PAYNOW-FAST PIB2409203630687694 GLOBAL TOTS MOUNTBAT OTHR SIOW WENLONG INFANT MA,R15_GENERIC_OUTFLOW,1,-1580.0,-1580.0,2024-09,2024-09,1,1,ONE_OFF,FAST:$1580,POSSIBLE_TRANSFER
DISCRETIONARY,PAYNOW-FAST PIB2410213945730742 GLOBAL TOTS MOUNTBAT OTHR INFANTMALDIVES- SIOW W,PAYNOW-FAST PIB2410213945730742 GLOBAL TOTS MOUNTBAT OTHR INFANTMALDIVES- SIOW W,R15_GENERIC_OUTFLOW,1,-1580.0,-1580.0,2024-10,2024-10,1,1,ONE_OFF,FAST:$1580,POSSIBLE_TRANSFER
DISCRETIONARY,PAYNOW-FAST PIB2412164523498878 GLOBAL TOTS MOUNTBAT OTHR TRANSFER - UEN,PAYNOW-FAST PIB2412164523498878 GLOBAL TOTS MOUNTBAT OTHR TRANSFER - UEN,R15_GENERIC_OUTFLOW,1,-1580.0,-1580.0,2024-12,2024-12,1,1,ONE_OFF,FAST:$1580,POSSIBLE_TRANSFER
DISCRETIONARY,PAYNOW-FAST MEGACOOL (SINGAPORE MBK2402271646789928,PAYNOW-FAST MEGACOOL (SINGAPORE MBK2402271646789928,R15_GENERIC_OUTFLOW,1,-1569.6,-1569.6,2024-02,2024-02,1,1,ONE_OFF,FAST:$1569,POSSIBLE_TRANSFER
DISCRETIONARY,PAYNOW-FAST PIB2312190999672860 WOOD & WOOD FLOORING OTHR WW/QT/ET-23-113,PAYNOW-FAST PIB2312190999672860 WOOD & WOOD FLOORING OTHR WW/QT/ET-23-113,R15_GENERIC_OUTFLOW,1,-1522.0,-1522.0,2023-12,2023-12,1,1,ONE_OFF,FAST:$1522,POSSIBLE_TRANSFER
OTHER_INCOME,INWARD CR - GIRO SUPP SUPPLIERPYMT MSF-CH DEVELOPMENT MSF-BBBB2024320013,INWARD CR - GIRO SUPP SUPPLIERPYMT MSF-CH DEVELOPMENT MSF-BBBB2024320013,R14_OTHER_INCOME,1,1500.0,1500.0,2024-10,2024-10,1,1,ONE_OFF,GIRO:$1500,
OTHER_INCOME,INWARD CR - GIRO SUPP SUPPLIERPYMT MSF-CH DEVELOPMENT MSF-BBBB2025103213,INWARD CR - GIRO SUPP SUPPLIERPYMT MSF-CH DEVELOPMENT MSF-BBBB2025103213,R14_OTHER_INCOME,1,1500.0,1500.0,2025-04,2025-04,1,1,ONE_OFF,GIRO:$1500,
OTHER_INCOME,CASH DEPOSIT-CDM,CASH DEPOSIT-CDM,R14_OTHER_INCOME,1,1200.0,1200.0,2023-05,2023-05,1,1,ONE_OFF,OTHER:$1200,
DISCRETIONARY,PAYNOW-FAST PIB2403251909945318 CHIN CHEN POOI OTHR TRANSFER - MOBILE,PAYNOW-FAST PIB2403251909945318 CHIN CHEN POOI OTHR TRANSFER - MOBILE,R15_GENERIC_OUTFLOW,1,-1200.0,-1200.0,2024-03,2024-03,1,1,ONE_OFF,FAST:$1200,POSSIBLE_TRANSFER
OTHER_INCOME,INWARD CR - GIRO OTHR OTHER GOV GOV,INWARD CR - GIRO OTHR OTHER GOV GOV,R14_OTHER_INCOME,4,1100.0,275.0,2023-12,2024-12,13,2,ONE_OFF,GIRO:$1100,
DISCRETIONARY,PAYNOW-FAST PIB2407263080067875 GLOBAL TOTS MOUNTBAT OTHR SIOW WENLONG INFANT MA,PAYNOW-FAST PIB2407263080067875 GLOBAL TOTS MOUNTBAT OTHR SIOW WENLONG INFANT MA,R15_GENERIC_OUTFLOW,1,-1090.0,-1090.0,2024-07,2024-07,1,1,ONE_OFF,FAST:$1090,POSSIBLE_TRANSFER
DISCRETIONARY,PAYNOW-FAST SOON SENG TRANSPORT MBK2401291375346896,PAYNOW-FAST SOON SENG TRANSPORT MBK2401291375346896,R15_GENERIC_OUTFLOW,1,-1050.0,-1050.0,2024-01,2024-01,1,1,ONE_OFF,FAST:$1050,POSSIBLE_TRANSFER
OTHER_INCOME,INWARD CR - GIRO SUPP SUPPLIERPYMT MSF-CH DEVELOPMENT MSF-BBBB2025332452,INWARD CR - GIRO SUPP SUPPLIERPYMT MSF-CH DEVELOPMENT MSF-BBBB2025332452,R14_OTHER_INCOME,1,1000.0,1000.0,2025-10,2025-10,1,1,ONE_OFF,GIRO:$1000,
OTHER_INCOME,PAYNOW-FAST PAYNOW OTHR CHAI CHANG HONG OTP,PAYNOW-FAST PAYNOW OTHR CHAI CHANG HONG OTP,R14_OTHER_INCOME,1,1000.0,1000.0,2023-08,2023-08,1,1,ONE_OFF,FAST:$1000,
DISCRETIONARY,PAYNOW-FAST PIB2410243967754638 WEE SWEE TEOW LLP OTHR 20241282,PAYNOW-FAST PIB2410243967754638 WEE SWEE TEOW LLP OTHR 20241282,R15_GENERIC_OUTFLOW,1,-1000.0,-1000.0,2024-10,2024-10,1,1,ONE_OFF,FAST:$1000,POSSIBLE_TRANSFER
DISCRETIONARY,PAYNOW-FAST PIB2409203630703622 GLOBAL TOTS MOUNTBAT OTHR SIOW WENLONG INFANT MA,PAYNOW-FAST PIB2409203630703622 GLOBAL TOTS MOUNTBAT OTHR SIOW WENLONG INFANT MA,R15_GENERIC_OUTFLOW,1,-980.0,-980.0,2024-09,2024-09,1,1,ONE_OFF,FAST:$980,POSSIBLE_TRANSFER
DISCRETIONARY,PAYNOW-FAST PIB2311280801479624 THREECUBES PRIVATE L OTHR TRANSFER - UEN,PAYNOW-FAST PIB2311280801479624 THREECUBES PRIVATE L OTHR TRANSFER - UEN,R15_GENERIC_OUTFLOW,1,-920.0,-920.0,2023-11,2023-11,1,1,ONE_OFF,FAST:$920,POSSIBLE_TRANSFER
DISCRETIONARY,FUNDS TRF - FAST PIB2411284327098825 4179710531543065 CCRD TRANSFER,FUNDS TRF - FAST PIB2411284327098825 4179710531543065 CCRD TRANSFER,R15_GENERIC_OUTFLOW,1,-893.99,-893.99,2024-11,2024-11,1,1,ONE_OFF,FAST:$893,POSSIBLE_TRANSFER
DISCRETIONARY,PAYNOW-FAST PIB2402181566824221 JAYKEN FOO OTHR TRANSFER - MOBILE,PAYNOW-FAST PIB2402181566824221 JAYKEN FOO OTHR TRANSFER - MOBILE,R15_GENERIC_OUTFLOW,1,-891.8,-891.8,2024-02,2024-02,1,1,ONE_OFF,FAST:$891,POSSIBLE_TRANSFER
DISCRETIONARY,PAYNOW-FAST PIB2401071177403840 POSTER HUB OTHR 201411282EDBS0ES013357551,PAYNOW-FAST PIB2401071177403840 POSTER HUB OTHR 201411282EDBS0ES013357551,R15_GENERIC_OUTFLOW,1,-876.4,-876.4,2024-01,2024-01,1,1,ONE_OFF,FAST:$876,POSSIBLE_TRANSFER
DISCRETIONARY,PAYNOW-FAST KAI JOO HUNG OPTICA MBK2509207564184780,PAYNOW-FAST KAI JOO HUNG OPTICA MBK2509207564184780,R15_GENERIC_OUTFLOW,1,-866.0,-866.0,2025-09,2025-09,1,1,ONE_OFF,FAST:$866,POSSIBLE_TRANSFER
DISCRETIONARY,PAYNOW-FAST HENDRICK EDMUND ANA MBK2410153888384278,PAYNOW-FAST HENDRICK EDMUND ANA MBK2410153888384278,R15_GENERIC_OUTFLOW,1,-850.0,-850.0,2024-10,2024-10,1,1,ONE_OFF,FAST:$850,POSSIBLE_TRANSFER
OTHER_INCOME,INWARD CREDIT-FAST PAYNOW OTHR SIOW WEI JIE GPAY-,INWARD CREDIT-FAST PAYNOW OTHR SIOW WEI JIE GPAY-,R14_OTHER_INCOME,1,832.7,832.7,2022-05,2022-05,1,1,ONE_OFF,FAST:$832,
DISCRETIONARY,PAYNOW-FAST WINDOW VIEW INTERIO MBK2209057508814345,PAYNOW-FAST WINDOW VIEW INTERIO MBK2209057508814345,R15_GENERIC_OUTFLOW,1,-800.0,-800.0,2022-09,2022-09,1,1,ONE_OFF,FAST:$800,POSSIBLE_TRANSFER
DISCRETIONARY,PAYNOW-FAST PIB2312190999645610 WOOD & WOOD FLOORING OTHR WW/QT/ET-23-113 (VO),PAYNOW-FAST PIB2312190999645610 WOOD & WOOD FLOORING OTHR WW/QT/ET-23-113 (VO),R15_GENERIC_OUTFLOW,1,-756.0,-756.0,2023-12,2023-12,1,1,ONE_OFF,FAST:$756,POSSIBLE_TRANSFER
OTHER_INCOME,INWARD CR - GIRO OTHR OTHER GOVT PAYOUT GOVT PAYOUT,INWARD CR - GIRO OTHR OTHER GOVT PAYOUT GOVT PAYOUT,R14_OTHER_INCOME,4,750.0,187.5,2022-12,2023-06,7,2,ONE_OFF,GIRO:$750,
DISCRETIONARY,PAYNOW-FAST PIB2402021426621806 CHIN CHEN POOI OTHR 7 AMBER GARDENS,PAYNOW-FAST PIB2402021426621806 CHIN CHEN POOI OTHR 7 AMBER GARDENS,R15_GENERIC_OUTFLOW,1,-750.0,-750.0,2024-02,2024-02,1,1,ONE_OFF,FAST:$750,POSSIBLE_TRANSFER
DISCRETIONARY,PAYNOW-FAST PIB2502215202811792 TOTAL CLEANZ PTE. LT OTHR TRANSFER - UEN,PAYNOW-FAST PIB2502215202811792 TOTAL CLEANZ PTE. LT OTHR TRANSFER - UEN,R15_GENERIC_OUTFLOW,1,-732.48,-732.48,2025-02,2025-02,1,1,ONE_OFF,FAST:$732,POSSIBLE_TRANSFER
DISCRETIONARY,PAYNOW-FAST PIB2312040865851523 LIGHTS AND BATHROOM OTHR SO-23-32269T,PAYNOW-FAST PIB2312040865851523 LIGHTS AND BATHROOM OTHR SO-23-32269T,R15_GENERIC_OUTFLOW,1,-656.0,-656.0,2023-12,2023-12,1,1,ONE_OFF,FAST:$656,POSSIBLE_TRANSFER
DISCRETIONARY,PAYNOW-FAST PIB2311240766474947 MYLIFESTYLE HOLDINGS OTHR 90405858,PAYNOW-FAST PIB2311240766474947 MYLIFESTYLE HOLDINGS OTHR 90405858,R15_GENERIC_OUTFLOW,1,-500.0,-500.0,2023-11,2023-11,1,1,ONE_OFF,FAST:$500,POSSIBLE_TRANSFER
DISCRETIONARY,PAYNOW-FAST PIB2403161825438191 SOLAR AIR-CON & ELEC OTHR 20240316-135956264,PAYNOW-FAST PIB2403161825438191 SOLAR AIR-CON & ELEC OTHR 20240316-135956264,R15_GENERIC_OUTFLOW,1,-480.0,-480.0,2024-03,2024-03,1,1,ONE_OFF,FAST:$480,POSSIBLE_TRANSFER
DISCRETIONARY,PAYNOW-FAST PIB2506296601561512 TOTAL CLEANZ PTE. LT OTHR SO-202502-00137,PAYNOW-FAST PIB2506296601561512 TOTAL CLEANZ PTE. LT OTHR SO-202502-00137,R15_GENERIC_OUTFLOW,1,-457.8,-457.8,2025-06,2025-06,1,1,ONE_OFF,FAST:$457,POSSIBLE_TRANSFER
DISCRETIONARY,PAYNOW-FAST PIB2508277284924544 TOTAL CLEANZ PTE. LT OTHR SI- 2322019,PAYNOW-FAST PIB2508277284924544 TOTAL CLEANZ PTE. LT OTHR SI- 2322019,R15_GENERIC_OUTFLOW,1,-457.8,-457.8,2025-08,2025-08,1,1,ONE_OFF,FAST:$457,POSSIBLE_TRANSFER
DISCRETIONARY,CASH WITHDRAWAL-ATM 79608190,CASH WITHDRAWAL-ATM 79608190,R15_GENERIC_OUTFLOW,4,-440.0,-110.0,2021-02,2021-07,6,3,SPORADIC,ATM:$440,
DISCRETIONARY,PAYNOW-FAST YEE SIN STORAGE MBK2404232180559368,PAYNOW-FAST YEE SIN STORAGE MBK2404232180559368,R15_GENERIC_OUTFLOW,1,-440.0,-440.0,2024-04,2024-04,1,1,ONE_OFF,FAST:$440,POSSIBLE_TRANSFER
DISCRETIONARY,PAYNOW-FAST J WONG MBK2509017337519418,PAYNOW-FAST J WONG MBK2509017337519418,R15_GENERIC_OUTFLOW,1,-382.0,-382.0,2025-09,2025-09,1,1,ONE_OFF,FAST:$382,POSSIBLE_TRANSFER
DISCRETIONARY,PAYNOW-FAST PIB2403181840103282 TANG NAM CHAI OTHR TRANSFER - MOBILE,PAYNOW-FAST PIB2403181840103282 TANG NAM CHAI OTHR TRANSFER - MOBILE,R15_GENERIC_OUTFLOW,1,-380.0,-380.0,2024-03,2024-03,1,1,ONE_OFF,FAST:$380,POSSIBLE_TRANSFER
OTHER_INCOME,INWARD CR - GIRO OTHR OTHER INTEGRATED HEALTH PL SGGP220126102668,INWARD CR - GIRO OTHR OTHER INTEGRATED HEALTH PL SGGP220126102668,R14_OTHER_INCOME,1,377.92,377.92,2022-01,2022-01,1,1,ONE_OFF,GIRO:$377,
DISCRETIONARY,PAYNOW-FAST PIB2505276240921997 TOTAL CLEANZ PTE. LT OTHR SO-202502-00137,PAYNOW-FAST PIB2505276240921997 TOTAL CLEANZ PTE. LT OTHR SO-202502-00137,R15_GENERIC_OUTFLOW,1,-366.24,-366.24,2025-05,2025-05,1,1,ONE_OFF,FAST:$366,POSSIBLE_TRANSFER
DISCRETIONARY,PAYNOW-FAST PIB2507276923728892 TOTAL CLEANZ PTE. LT OTHR SI- 2321550,PAYNOW-FAST PIB2507276923728892 TOTAL CLEANZ PTE. LT OTHR SI- 2321550,R15_GENERIC_OUTFLOW,1,-366.24,-366.24,2025-07,2025-07,1,1,ONE_OFF,FAST:$366,POSSIBLE_TRANSFER
DISCRETIONARY,PAYNOW-FAST PIB2509277644321354 TOTAL CLEANZ PTE. LT OTHR SI-2322487,PAYNOW-FAST PIB2509277644321354 TOTAL CLEANZ PTE. LT OTHR SI-2322487,R15_GENERIC_OUTFLOW,1,-366.24,-366.24,2025-09,2025-09,1,1,ONE_OFF,FAST:$366,POSSIBLE_TRANSFER
DISCRETIONARY,PAYNOW-FAST PIB2510277986308950 TOTAL CLEANZ PTE. LT OTHR SO-202502-00137,PAYNOW-FAST PIB2510277986308950 TOTAL CLEANZ PTE. LT OTHR SO-202502-00137,R15_GENERIC_OUTFLOW,1,-366.24,-366.24,2025-10,2025-10,1,1,ONE_OFF,FAST:$366,POSSIBLE_TRANSFER
DISCRETIONARY,PAYNOW-FAST PIB2411014056778079 WEE SWEE TEOW LLP OTHR 20241464,PAYNOW-FAST PIB2411014056778079 WEE SWEE TEOW LLP OTHR 20241464,R15_GENERIC_OUTFLOW,1,-354.75,-354.75,2024-11,2024-11,1,1,ONE_OFF,FAST:$354,POSSIBLE_TRANSFER
DISCRETIONARY,PAYNOW-FAST SOON SENG TRANSPORT MBK2403011683246541,PAYNOW-FAST SOON SENG TRANSPORT MBK2403011683246541,R15_GENERIC_OUTFLOW,1,-350.0,-350.0,2024-03,2024-03,1,1,ONE_OFF,FAST:$350,POSSIBLE_TRANSFER
DISCRETIONARY,PAYNOW-FAST PIB2501164838381235 HATCHERY CRIBS PTE L OTHR QS,PAYNOW-FAST PIB2501164838381235 HATCHERY CRIBS PTE L OTHR QS,R15_GENERIC_OUTFLOW,1,-319.0,-319.0,2025-01,2025-01,1,1,ONE_OFF,FAST:$319,POSSIBLE_TRANSFER
DISCRETIONARY,PAYNOW-FAST PIB2208277454311803 TONY KU OTHR TRANSFER - MOBILE,PAYNOW-FAST PIB2208277454311803 TONY KU OTHR TRANSFER - MOBILE,R15_GENERIC_OUTFLOW,1,-300.0,-300.0,2022-08,2022-08,1,1,ONE_OFF,FAST:$300,POSSIBLE_TRANSFER
DISCRETIONARY,PAYNOW-FAST PIB2311300822614576 WEE SWEE TEOW LLP OTHR LCY/2023/1697/MT,PAYNOW-FAST PIB2311300822614576 WEE SWEE TEOW LLP OTHR LCY/2023/1697/MT,R15_GENERIC_OUTFLOW,1,-300.0,-300.0,2023-11,2023-11,1,1,ONE_OFF,FAST:$300,POSSIBLE_TRANSFER
DISCRETIONARY,PAYNOW-FAST PIB2404042007990522 9DOORS(S) PTE. LTD. OTHR P50520ET,PAYNOW-FAST PIB2404042007990522 9DOORS(S) PTE. LTD. OTHR P50520ET,R15_GENERIC_OUTFLOW,1,-299.0,-299.0,2024-04,2024-04,1,1,ONE_OFF,FAST:$299,POSSIBLE_TRANSFER
DISCRETIONARY,PAYNOW-FAST PIB2112056019597030 SIOW WEI JIE OTHR TRANSFER - MOBILE,PAYNOW-FAST PIB2112056019597030 SIOW WEI JIE OTHR TRANSFER - MOBILE,R15_GENERIC_OUTFLOW,1,-288.0,-288.0,2021-12,2021-12,1,1,ONE_OFF,FAST:$288,POSSIBLE_TRANSFER
DISCRETIONARY,FUNDS TRF - FAST PIB2409043481073408 0010468600 OTHR 2408027977526,FUNDS TRF - FAST PIB2409043481073408 0010468600 OTHR 2408027977526,R15_GENERIC_OUTFLOW,1,-285.0,-285.0,2024-09,2024-09,1,1,ONE_OFF,FAST:$285,POSSIBLE_TRANSFER
DISCRETIONARY,PAYNOW-FAST PIB2401021123085037 SOONSENGTPTMOVERS OTHR 21728,PAYNOW-FAST PIB2401021123085037 SOONSENGTPTMOVERS OTHR 21728,R15_GENERIC_OUTFLOW,1,-280.0,-280.0,2024-01,2024-01,1,1,ONE_OFF,FAST:$280,POSSIBLE_TRANSFER
DISCRETIONARY,PAYNOW-FAST PIB2312040865381454 JAYKEN FOO OTHR TRANSFER - MOBILE,PAYNOW-FAST PIB2312040865381454 JAYKEN FOO OTHR TRANSFER - MOBILE,R15_GENERIC_OUTFLOW,1,-253.8,-253.8,2023-12,2023-12,1,1,ONE_OFF,FAST:$253,POSSIBLE_TRANSFER
DISCRETIONARY,PAYNOW-FAST PIB2410083815701491 KELVIN TAY OTHR TRANSFER - MOBILE,PAYNOW-FAST PIB2410083815701491 KELVIN TAY OTHR TRANSFER - MOBILE,R15_GENERIC_OUTFLOW,1,-250.0,-250.0,2024-10,2024-10,1,1,ONE_OFF,FAST:$250,POSSIBLE_TRANSFER
DISCRETIONARY,PAYNOW-FAST J WONG MBK2505025961004541,PAYNOW-FAST J WONG MBK2505025961004541,R15_GENERIC_OUTFLOW,1,-242.79,-242.79,2025-05,2025-05,1,1,ONE_OFF,FAST:$242,POSSIBLE_TRANSFER
DISCRETIONARY,PAYNOW-FAST J WONG MBK2507026643658353,PAYNOW-FAST J WONG MBK2507026643658353,R15_GENERIC_OUTFLOW,1,-242.79,-242.79,2025-07,2025-07,1,1,ONE_OFF,FAST:$242,POSSIBLE_TRANSFER
DISCRETIONARY,PAYNOW-FAST SOON SENG TRANSPORT MBK2403211869639312,PAYNOW-FAST SOON SENG TRANSPORT MBK2403211869639312,R15_GENERIC_OUTFLOW,1,-200.0,-200.0,2024-03,2024-03,1,1,ONE_OFF,FAST:$200,POSSIBLE_TRANSFER
DISCRETIONARY,PAYNOW-FAST PIB2211067870187728 SIOW WEI JIE OTHR TRANSFER - MOBILE,PAYNOW-FAST PIB2211067870187728 SIOW WEI JIE OTHR TRANSFER - MOBILE,R15_GENERIC_OUTFLOW,1,-188.0,-188.0,2022-11,2022-11,1,1,ONE_OFF,FAST:$188,POSSIBLE_TRANSFER
DISCRETIONARY,MISC DEBIT DHOF123153822301 UOI FIRE POLICY,MISC DEBIT DHOF123153822301 UOI FIRE POLICY,R15_GENERIC_OUTFLOW,1,-187.63,-187.63,2024-11,2024-11,1,1,ONE_OFF,OTHER:$187,
DISCRETIONARY,MISC DEBIT DHOF123153822302 UOI FIRE POLICY,MISC DEBIT DHOF123153822302 UOI FIRE POLICY,R15_GENERIC_OUTFLOW,1,-187.63,-187.63,2025-11,2025-11,1,1,ONE_OFF,OTHER:$187,
DISCRETIONARY,MISC DEBIT DHOF123153822300 UOI FIRE POLICY,MISC DEBIT DHOF123153822300 UOI FIRE POLICY,R15_GENERIC_OUTFLOW,1,-185.91,-185.91,2023-12,2023-12,1,1,ONE_OFF,OTHER:$185,
DISCRETIONARY,PAYNOW-FAST CKK MANAGEMENT PTE MBK2404122084604809,PAYNOW-FAST CKK MANAGEMENT PTE MBK2404122084604809,R15_GENERIC_OUTFLOW,1,-185.3,-185.3,2024-04,2024-04,1,1,ONE_OFF,FAST:$185,POSSIBLE_TRANSFER
DISCRETIONARY,PAYNOW-FAST PIB2308149910214485 A LIGHTZ SHOP LLP OTHR TRANSFER - UEN,PAYNOW-FAST PIB2308149910214485 A LIGHTZ SHOP LLP OTHR TRANSFER - UEN,R15_GENERIC_OUTFLOW,1,-177.0,-177.0,2023-08,2023-08,1,1,ONE_OFF,FAST:$177,POSSIBLE_TRANSFER
DISCRETIONARY,PAYNOW-FAST MIELE PTE LTD MBK2403211869375206,PAYNOW-FAST MIELE PTE LTD MBK2403211869375206,R15_GENERIC_OUTFLOW,1,-167.0,-167.0,2024-03,2024-03,1,1,ONE_OFF,FAST:$167,POSSIBLE_TRANSFER
DISCRETIONARY,PAYNOW-FAST CKK MANAGEMENT PTE MBK2403221879894623,PAYNOW-FAST CKK MANAGEMENT PTE MBK2403221879894623,R15_GENERIC_OUTFLOW,1,-163.5,-163.5,2024-03,2024-03,1,1,ONE_OFF,FAST:$163,POSSIBLE_TRANSFER
DISCRETIONARY,PAYNOW-FAST PIB2308239973935306 RHT VALUATION PTE. L OTHR 7295198,PAYNOW-FAST PIB2308239973935306 RHT VALUATION PTE. L OTHR 7295198,R15_GENERIC_OUTFLOW,1,-162.0,-162.0,2023-08,2023-08,1,1,ONE_OFF,FAST:$162,POSSIBLE_TRANSFER
OTHER_INCOME,INWARD CR - GIRO OTHR OTHER INTEGRATED HEALTH PL SGGP210330045612,INWARD CR - GIRO OTHR OTHER INTEGRATED HEALTH PL SGGP210330045612,R14_OTHER_INCOME,1,160.0,160.0,2021-03,2021-03,1,1,ONE_OFF,GIRO:$160,
DISCRETIONARY,PAYNOW-FAST PIB2404182135889594 REPAIRS PTE. LTD. OTHR INV20363,PAYNOW-FAST PIB2404182135889594 REPAIRS PTE. LTD. OTHR INV20363,R15_GENERIC_OUTFLOW,1,-160.0,-160.0,2024-04,2024-04,1,1,ONE_OFF,FAST:$160,POSSIBLE_TRANSFER
DISCRETIONARY,PAYNOW-FAST MITSUBISHI ELECTRIC MBK2209237608890360,PAYNOW-FAST MITSUBISHI ELECTRIC MBK2209237608890360,R15_GENERIC_OUTFLOW,1,-156.0,-156.0,2022-09,2022-09,1,1,ONE_OFF,FAST:$156,POSSIBLE_TRANSFER
DISCRETIONARY,PAYNOW-FAST PIB2506126424876117 ALAN LIM OTHR TRANSFER - MOBILE,PAYNOW-FAST PIB2506126424876117 ALAN LIM OTHR TRANSFER - MOBILE,R15_GENERIC_OUTFLOW,1,-150.0,-150.0,2025-06,2025-06,1,1,ONE_OFF,FAST:$150,POSSIBLE_TRANSFER
DISCRETIONARY,PAYNOW-FAST PIB2301148335238896 YILIN OTHR TRANSFER - MOBILE,PAYNOW-FAST PIB2301148335238896 YILIN OTHR TRANSFER - MOBILE,R15_GENERIC_OUTFLOW,1,-149.6,-149.6,2023-01,2023-01,1,1,ONE_OFF,FAST:$149,POSSIBLE_TRANSFER
DISCRETIONARY,PAYNOW-FAST PIB2402041450306503 CH OTHR TRANSFER - MOBILE,PAYNOW-FAST PIB2402041450306503 CH OTHR TRANSFER - MOBILE,R15_GENERIC_OUTFLOW,1,-147.3,-147.3,2024-02,2024-02,1,1,ONE_OFF,FAST:$147,POSSIBLE_TRANSFER
DISCRETIONARY,PAYNOW-FAST CKK MANAGEMENT PTE MBK2507146779300142,PAYNOW-FAST CKK MANAGEMENT PTE MBK2507146779300142,R15_GENERIC_OUTFLOW,1,-147.1,-147.1,2025-07,2025-07,1,1,ONE_OFF,FAST:$147,POSSIBLE_TRANSFER
DISCRETIONARY,FUNDS TRF - FAST PIB2504015617355136 TRUST CASHBACK OTHR TRANSFER,FUNDS TRF - FAST PIB2504015617355136 TRUST CASHBACK OTHR TRANSFER,R15_GENERIC_OUTFLOW,1,-144.08,-144.08,2025-04,2025-04,1,1,ONE_OFF,FAST:$144,INCOME/CASHBACK
DISCRETIONARY,PAYNOW-FAST PIB2401041151914685 JAYKEN FOO OTHR TRANSFER - MOBILE,PAYNOW-FAST PIB2401041151914685 JAYKEN FOO OTHR TRANSFER - MOBILE,R15_GENERIC_OUTFLOW,1,-128.4,-128.4,2024-01,2024-01,1,1,ONE_OFF,FAST:$128,POSSIBLE_TRANSFER
DISCRETIONARY,PAYNOW-FAST PIB2401111210675291 XTRA DESIGNS PTE LTD OTHR XD-RETAIL,PAYNOW-FAST PIB2401111210675291 XTRA DESIGNS PTE LTD OTHR XD-RETAIL,R15_GENERIC_OUTFLOW,1,-120.0,-120.0,2024-01,2024-01,1,1,ONE_OFF,FAST:$120,POSSIBLE_TRANSFER
DISCRETIONARY,BILL PAYMENT MBK-SINGTEL 35044279,BILL PAYMENT MBK-SINGTEL 35044279,R15_GENERIC_OUTFLOW,2,-115.14,-57.57,2021-01,2021-02,2,2,SPORADIC,CARD:$115,UTILITIES/TELECOM
DISCRETIONARY,PAYNOW-FAST PIB2405292525917904 JY OTHR TRANSFER - MOBILE,PAYNOW-FAST PIB2405292525917904 JY OTHR TRANSFER - MOBILE,R15_GENERIC_OUTFLOW,1,-112.0,-112.0,2024-05,2024-05,1,1,ONE_OFF,FAST:$112,POSSIBLE_TRANSFER
DISCRETIONARY,PAYNOW-FAST PIB2509257620295862 TOTAL CLEANZ PTE. LT OTHR SI-2322238,PAYNOW-FAST PIB2509257620295862 TOTAL CLEANZ PTE. LT OTHR SI-2322238,R15_GENERIC_OUTFLOW,1,-109.0,-109.0,2025-09,2025-09,1,1,ONE_OFF,FAST:$109,POSSIBLE_TRANSFER
OTHER_INCOME,INWARD CR - GIRO OTHR OTHER INTEGRATED HEALTH PL SGGP220223086595,INWARD CR - GIRO OTHR OTHER INTEGRATED HEALTH PL SGGP220223086595,R14_OTHER_INCOME,1,107.0,107.0,2022-02,2022-02,1,1,ONE_OFF,GIRO:$107,
DISCRETIONARY,PAYNOW-FAST CKK MANAGEMENT PTE MBK2303278821702971,PAYNOW-FAST CKK MANAGEMENT PTE MBK2303278821702971,R15_GENERIC_OUTFLOW,1,-102.6,-102.6,2023-03,2023-03,1,1,ONE_OFF,FAST:$102,POSSIBLE_TRANSFER
DISCRETIONARY,PAYNOW-FAST CKK MANAGEMENT PTE MBK2309190199532224,PAYNOW-FAST CKK MANAGEMENT PTE MBK2309190199532224,R15_GENERIC_OUTFLOW,1,-102.6,-102.6,2023-09,2023-09,1,1,ONE_OFF,FAST:$102,POSSIBLE_TRANSFER
DISCRETIONARY,FUNDS TRF - FAST PIB2401121222761589 0137369831 OTHR TRANSFER,FUNDS TRF - FAST PIB2401121222761589 0137369831 OTHR TRANSFER,R15_GENERIC_OUTFLOW,1,-100.0,-100.0,2024-01,2024-01,1,1,ONE_OFF,FAST:$100,POSSIBLE_TRANSFER
DISCRETIONARY,PAYNOW-FAST CKK MANAGEMENT PTE MBK2407022854691391,PAYNOW-FAST CKK MANAGEMENT PTE MBK2407022854691391,R15_GENERIC_OUTFLOW,1,-98.1,-98.1,2024-07,2024-07,1,1,ONE_OFF,FAST:$98,POSSIBLE_TRANSFER
DISCRETIONARY,PAYNOW-FAST PIB2410163896811874 CKS PROPERTY CONSULT OTHR 7663023 TEMBUSU GRAND ,PAYNOW-FAST PIB2410163896811874 CKS PROPERTY CONSULT OTHR 7663023 TEMBUSU GRAND ,R15_GENERIC_OUTFLOW,1,-87.2,-87.2,2024-10,2024-10,1,1,ONE_OFF,FAST:$87,POSSIBLE_TRANSFER
OTHER_INCOME,PAYNOW-FAST PAYNOW OTHR MA SICONG OTHR,PAYNOW-FAST PAYNOW OTHR MA SICONG OTHR,R14_OTHER_INCOME,2,85.0,42.5,2023-10,2024-02,5,2,SPORADIC,FAST:$85,
DISCRETIONARY,PAYNOW-FAST PIB2310110392237943 JY OTHR TRANSFER - MOBILE,PAYNOW-FAST PIB2310110392237943 JY OTHR TRANSFER - MOBILE,R15_GENERIC_OUTFLOW,1,-84.7,-84.7,2023-10,2023-10,1,1,ONE_OFF,FAST:$84,POSSIBLE_TRANSFER
DISCRETIONARY,CASH WITHDRAWAL-SATM OCBC155732 79608204,CASH WITHDRAWAL-SATM OCBC155732 79608204,R15_GENERIC_OUTFLOW,1,-80.0,-80.0,2022-07,2022-07,1,1,ONE_OFF,ATM:$80,
DISCRETIONARY,CASH WITHDRAWAL-SATM OCBC173035 79608204,CASH WITHDRAWAL-SATM OCBC173035 79608204,R15_GENERIC_OUTFLOW,1,-80.0,-80.0,2021-06,2021-06,1,1,ONE_OFF,ATM:$80,
DISCRETIONARY,PAYNOW-FAST PIB2410173904357482 K&K SOLID WOOD DOORS OTHR INV-17514,PAYNOW-FAST PIB2410173904357482 K&K SOLID WOOD DOORS OTHR INV-17514,R15_GENERIC_OUTFLOW,1,-70.85,-70.85,2024-10,2024-10,1,1,ONE_OFF,FAST:$70,POSSIBLE_TRANSFER
DISCRETIONARY,PAYNOW-FAST PIB2501174850620083 POSTER HUB OTHR 201411282EDBSI78823282399,PAYNOW-FAST PIB2501174850620083 POSTER HUB OTHR 201411282EDBSI78823282399,R15_GENERIC_OUTFLOW,1,-65.47,-65.47,2025-01,2025-01,1,1,ONE_OFF,FAST:$65,POSSIBLE_TRANSFER
OTHER_INCOME,"INWARD CREDIT-FAST PAYNOW OTHR ZHANG, KEXIN PAYNOW TRANSFER","INWARD CREDIT-FAST PAYNOW OTHR ZHANG, KEXIN PAYNOW TRANSFER",R14_OTHER_INCOME,2,61.0,30.5,2022-04,2022-04,1,1,SPORADIC,FAST:$61,
DISCRETIONARY,NETS DEBIT-CONSUMER TRANSIT LI10565000 79608204,NETS DEBIT-CONSUMER TRANSIT LI10565000 79608204,R15_GENERIC_OUTFLOW,1,-60.0,-60.0,2021-06,2021-06,1,1,ONE_OFF,NETS:$60,
DISCRETIONARY,NETS DEBIT-CONSUMER TRANSITLIN15049400 79608204,NETS DEBIT-CONSUMER TRANSITLIN15049400 79608204,R15_GENERIC_OUTFLOW,1,-60.0,-60.0,2021-01,2021-01,1,1,ONE_OFF,NETS:$60,
DISCRETIONARY,PAYNOW-FAST IMMIGRATION & CHECK MBK2401111213884244,PAYNOW-FAST IMMIGRATION & CHECK MBK2401111213884244,R15_GENERIC_OUTFLOW,1,-60.0,-60.0,2024-01,2024-01,1,1,ONE_OFF,FAST:$60,POSSIBLE_TRANSFER
DISCRETIONARY,PAYNOW-FAST PIB2510197900864163 CM OTHR TRANSFER - MOBILE,PAYNOW-FAST PIB2510197900864163 CM OTHR TRANSFER - MOBILE,R15_GENERIC_OUTFLOW,1,-59.95,-59.95,2025-10,2025-10,1,1,ONE_OFF,FAST:$59,POSSIBLE_TRANSFER
OTHER_INCOME,PAYNOW-FAST PAYNOW OTHR VISVANATHAN RAJESH PAYNOW TRANSFER,PAYNOW-FAST PAYNOW OTHR VISVANATHAN RAJESH PAYNOW TRANSFER,R14_OTHER_INCOME,2,53.0,26.5,2023-02,2023-11,10,2,ONE_OFF,FAST:$53,
DISCRETIONARY,PAYNOW-FAST PIB2312040865893198 LIGHTS AND BATHROOM OTHR SO-23-32269T,PAYNOW-FAST PIB2312040865893198 LIGHTS AND BATHROOM OTHR SO-23-32269T,R15_GENERIC_OUTFLOW,1,-52.48,-52.48,2023-12,2023-12,1,1,ONE_OFF,FAST:$52,POSSIBLE_TRANSFER
DISCRETIONARY,CASH WITHDRAWAL-SATM OCBC125735 79608204,CASH WITHDRAWAL-SATM OCBC125735 79608204,R15_GENERIC_OUTFLOW,1,-50.0,-50.0,2022-08,2022-08,1,1,ONE_OFF,ATM:$50,
DISCRETIONARY,NETS DEBIT-CONSUMER SMRT - BGS08075000 79608204,NETS DEBIT-CONSUMER SMRT - BGS08075000 79608204,R15_GENERIC_OUTFLOW,1,-50.0,-50.0,2021-02,2021-02,1,1,ONE_OFF,NETS:$50,
DISCRETIONARY,INWARD DR - GIRO TCSC C91528519610 WESTCOASTTOWNCOUNCIL WA-GDED-0000014339719,INWARD DR - GIRO TCSC C91528519610 WESTCOASTTOWNCOUNCIL WA-GDED-0000014339719,R15_GENERIC_OUTFLOW,1,-49.1,-49.1,2023-08,2023-08,1,1,ONE_OFF,GIRO:$49,HOUSING/TOWN_COUNCIL_FEES
DISCRETIONARY,INWARD DR - GIRO TCSC C91528519610 WESTCOASTTOWNCOUNCIL WA-GDED-0000015339733,INWARD DR - GIRO TCSC C91528519610 WESTCOASTTOWNCOUNCIL WA-GDED-0000015339733,R15_GENERIC_OUTFLOW,1,-49.1,-49.1,2023-09,2023-09,1,1,ONE_OFF,GIRO:$49,HOUSING/TOWN_COUNCIL_FEES
OTHER_INCOME,PAYNOW-FAST PAYNOW OTHR LIN NAN,PAYNOW-FAST PAYNOW OTHR LIN NAN,R14_OTHER_INCOME,1,48.0,48.0,2024-02,2024-02,1,1,ONE_OFF,FAST:$48,
OTHER_INCOME,PAYNOW-FAST PAYNOW OTHR LI LIANG OTHR,PAYNOW-FAST PAYNOW OTHR LI LIANG OTHR,R14_OTHER_INCOME,1,47.6,47.6,2024-02,2024-02,1,1,ONE_OFF,FAST:$47,
OTHER_INCOME,"PAYNOW-FAST PAYNOW OTHR SEOW WEIQIANG, JEROM GPAY-","PAYNOW-FAST PAYNOW OTHR SEOW WEIQIANG, JEROM GPAY-",R14_OTHER_INCOME,1,47.27,47.27,2022-09,2022-09,1,1,ONE_OFF,FAST:$47,
DISCRETIONARY,INWARD DR - GIRO TCSC C91528519610 WESTCOASTTOWNCOUNCIL WA-GDED-0000000740278,INWARD DR - GIRO TCSC C91528519610 WESTCOASTTOWNCOUNCIL WA-GDED-0000000740278,R15_GENERIC_OUTFLOW,1,-46.0,-46.0,2020-12,2020-12,1,1,ONE_OFF,GIRO:$46,HOUSING/TOWN_COUNCIL_FEES
DISCRETIONARY,INWARD DR - GIRO TCSC C91528519610 WESTCOASTTOWNCOUNCIL WA-GDED-0000001140327,INWARD DR - GIRO TCSC C91528519610 WESTCOASTTOWNCOUNCIL WA-GDED-0000001140327,R15_GENERIC_OUTFLOW,1,-46.0,-46.0,2021-02,2021-02,1,1,ONE_OFF,GIRO:$46,HOUSING/TOWN_COUNCIL_FEES
DISCRETIONARY,INWARD DR - GIRO TCSC C91528519610 WESTCOASTTOWNCOUNCIL WA-GDED-0000001340313,INWARD DR - GIRO TCSC C91528519610 WESTCOASTTOWNCOUNCIL WA-GDED-0000001340313,R15_GENERIC_OUTFLOW,1,-46.0,-46.0,2021-03,2021-03,1,1,ONE_OFF,GIRO:$46,HOUSING/TOWN_COUNCIL_FEES
DISCRETIONARY,INWARD DR - GIRO TCSC C91528519610 WESTCOASTTOWNCOUNCIL WA-GDED-0000001740262,INWARD DR - GIRO TCSC C91528519610 WESTCOASTTOWNCOUNCIL WA-GDED-0000001740262,R15_GENERIC_OUTFLOW,1,-46.0,-46.0,2021-05,2021-05,1,1,ONE_OFF,GIRO:$46,HOUSING/TOWN_COUNCIL_FEES
DISCRETIONARY,INWARD DR - GIRO TCSC C91528519610 WESTCOASTTOWNCOUNCIL WA-GDED-0000001940257,INWARD DR - GIRO TCSC C91528519610 WESTCOASTTOWNCOUNCIL WA-GDED-0000001940257,R15_GENERIC_OUTFLOW,1,-46.0,-46.0,2021-06,2021-06,1,1,ONE_OFF,GIRO:$46,HOUSING/TOWN_COUNCIL_FEES
DISCRETIONARY,INWARD DR - GIRO TCSC C91528519610 WESTCOASTTOWNCOUNCIL WA-GDED-0000002340231,INWARD DR - GIRO TCSC C91528519610 WESTCOASTTOWNCOUNCIL WA-GDED-0000002340231,R15_GENERIC_OUTFLOW,1,-46.0,-46.0,2021-08,2021-08,1,1,ONE_OFF,GIRO:$46,HOUSING/TOWN_COUNCIL_FEES
DISCRETIONARY,INWARD DR - GIRO TCSC C91528519610 WESTCOASTTOWNCOUNCIL WA-GDED-0000002540218,INWARD DR - GIRO TCSC C91528519610 WESTCOASTTOWNCOUNCIL WA-GDED-0000002540218,R15_GENERIC_OUTFLOW,1,-46.0,-46.0,2021-09,2021-09,1,1,ONE_OFF,GIRO:$46,HOUSING/TOWN_COUNCIL_FEES
DISCRETIONARY,INWARD DR - GIRO TCSC C91528519610 WESTCOASTTOWNCOUNCIL WA-GDED-0000002940150,INWARD DR - GIRO TCSC C91528519610 WESTCOASTTOWNCOUNCIL WA-GDED-0000002940150,R15_GENERIC_OUTFLOW,1,-46.0,-46.0,2021-11,2021-11,1,1,ONE_OFF,GIRO:$46,HOUSING/TOWN_COUNCIL_FEES
DISCRETIONARY,INWARD DR - GIRO TCSC C91528519610 WESTCOASTTOWNCOUNCIL WA-GDED-0000003140181,INWARD DR - GIRO TCSC C91528519610 WESTCOASTTOWNCOUNCIL WA-GDED-0000003140181,R15_GENERIC_OUTFLOW,1,-46.0,-46.0,2021-12,2021-12,1,1,ONE_OFF,GIRO:$46,HOUSING/TOWN_COUNCIL_FEES
DISCRETIONARY,INWARD DR - GIRO TCSC C91528519610 WESTCOASTTOWNCOUNCIL WA-GDED-0000003540121,INWARD DR - GIRO TCSC C91528519610 WESTCOASTTOWNCOUNCIL WA-GDED-0000003540121,R15_GENERIC_OUTFLOW,1,-46.0,-46.0,2022-02,2022-02,1,1,ONE_OFF,GIRO:$46,HOUSING/TOWN_COUNCIL_FEES
DISCRETIONARY,INWARD DR - GIRO TCSC C91528519610 WESTCOASTTOWNCOUNCIL WA-GDED-0000003740084,INWARD DR - GIRO TCSC C91528519610 WESTCOASTTOWNCOUNCIL WA-GDED-0000003740084,R15_GENERIC_OUTFLOW,1,-46.0,-46.0,2022-03,2022-03,1,1,ONE_OFF,GIRO:$46,HOUSING/TOWN_COUNCIL_FEES
DISCRETIONARY,INWARD DR - GIRO TCSC C91528519610 WESTCOASTTOWNCOUNCIL WA-GDED-0000004140129,INWARD DR - GIRO TCSC C91528519610 WESTCOASTTOWNCOUNCIL WA-GDED-0000004140129,R15_GENERIC_OUTFLOW,1,-46.0,-46.0,2022-05,2022-05,1,1,ONE_OFF,GIRO:$46,HOUSING/TOWN_COUNCIL_FEES
DISCRETIONARY,INWARD DR - GIRO TCSC C91528519610 WESTCOASTTOWNCOUNCIL WA-GDED-0000004340043,INWARD DR - GIRO TCSC C91528519610 WESTCOASTTOWNCOUNCIL WA-GDED-0000004340043,R15_GENERIC_OUTFLOW,1,-46.0,-46.0,2022-06,2022-06,1,1,ONE_OFF,GIRO:$46,HOUSING/TOWN_COUNCIL_FEES
DISCRETIONARY,INWARD DR - GIRO TCSC C91528519610 WESTCOASTTOWNCOUNCIL WA-GDED-0000004740071,INWARD DR - GIRO TCSC C91528519610 WESTCOASTTOWNCOUNCIL WA-GDED-0000004740071,R15_GENERIC_OUTFLOW,1,-46.0,-46.0,2022-08,2022-08,1,1,ONE_OFF,GIRO:$46,HOUSING/TOWN_COUNCIL_FEES
DISCRETIONARY,INWARD DR - GIRO TCSC C91528519610 WESTCOASTTOWNCOUNCIL WA-GDED-0000004940022,INWARD DR - GIRO TCSC C91528519610 WESTCOASTTOWNCOUNCIL WA-GDED-0000004940022,R15_GENERIC_OUTFLOW,1,-46.0,-46.0,2022-09,2022-09,1,1,ONE_OFF,GIRO:$46,HOUSING/TOWN_COUNCIL_FEES
DISCRETIONARY,INWARD DR - GIRO TCSC C91528519610 WESTCOASTTOWNCOUNCIL WA-GDED-0000005339935,INWARD DR - GIRO TCSC C91528519610 WESTCOASTTOWNCOUNCIL WA-GDED-0000005339935,R15_GENERIC_OUTFLOW,1,-46.0,-46.0,2022-11,2022-11,1,1,ONE_OFF,GIRO:$46,HOUSING/TOWN_COUNCIL_FEES
DISCRETIONARY,INWARD DR - GIRO TCSC C91528519610 WESTCOASTTOWNCOUNCIL WA-GDED-0000006339912,INWARD DR - GIRO TCSC C91528519610 WESTCOASTTOWNCOUNCIL WA-GDED-0000006339912,R15_GENERIC_OUTFLOW,1,-46.0,-46.0,2022-12,2022-12,1,1,ONE_OFF,GIRO:$46,HOUSING/TOWN_COUNCIL_FEES
DISCRETIONARY,INWARD DR - GIRO TCSC C91528519610 WESTCOASTTOWNCOUNCIL WA-GDED-0000008339900,INWARD DR - GIRO TCSC C91528519610 WESTCOASTTOWNCOUNCIL WA-GDED-0000008339900,R15_GENERIC_OUTFLOW,1,-46.0,-46.0,2023-02,2023-02,1,1,ONE_OFF,GIRO:$46,HOUSING/TOWN_COUNCIL_FEES
DISCRETIONARY,INWARD DR - GIRO TCSC C91528519610 WESTCOASTTOWNCOUNCIL WA-GDED-0000009339872,INWARD DR - GIRO TCSC C91528519610 WESTCOASTTOWNCOUNCIL WA-GDED-0000009339872,R15_GENERIC_OUTFLOW,1,-46.0,-46.0,2023-03,2023-03,1,1,ONE_OFF,GIRO:$46,HOUSING/TOWN_COUNCIL_FEES
DISCRETIONARY,INWARD DR - GIRO TCSC C91528519610 WESTCOASTTOWNCOUNCIL WA-GDED-0000011339756,INWARD DR - GIRO TCSC C91528519610 WESTCOASTTOWNCOUNCIL WA-GDED-0000011339756,R15_GENERIC_OUTFLOW,1,-46.0,-46.0,2023-05,2023-05,1,1,ONE_OFF,GIRO:$46,HOUSING/TOWN_COUNCIL_FEES
DISCRETIONARY,INWARD DR - GIRO TCSC C91528519610 WESTCOASTTOWNCOUNCIL WA-GDED-0000012339739,INWARD DR - GIRO TCSC C91528519610 WESTCOASTTOWNCOUNCIL WA-GDED-0000012339739,R15_GENERIC_OUTFLOW,1,-46.0,-46.0,2023-06,2023-06,1,1,ONE_OFF,GIRO:$46,HOUSING/TOWN_COUNCIL_FEES
OTHER_INCOME,PAYNOW-FAST PAYNOW OTHR ER JIA YUN GPAY-,PAYNOW-FAST PAYNOW OTHR ER JIA YUN GPAY-,R14_OTHER_INCOME,2,46.0,23.0,2023-09,2024-02,6,2,SPORADIC,FAST:$46,
DISCRETIONARY,PAYNOW-FAST PIB2407062902181569 POSTER HUB OTHR 201411282EDBSI78823282399,PAYNOW-FAST PIB2407062902181569 POSTER HUB OTHR 201411282EDBSI78823282399,R15_GENERIC_OUTFLOW,1,-43.65,-43.65,2024-07,2024-07,1,1,ONE_OFF,FAST:$43,POSSIBLE_TRANSFER
DISCRETIONARY,FUNDS TRF - FAST PIB2209297644441065 4179710107298920 OTHR TRANSFER,FUNDS TRF - FAST PIB2209297644441065 4179710107298920 OTHR TRANSFER,R15_GENERIC_OUTFLOW,1,-40.71,-40.71,2022-09,2022-09,1,1,ONE_OFF,FAST:$40,POSSIBLE_TRANSFER
DISCRETIONARY,FUNDS TRF - FAST PIB2505015948982746 TRUST CASHBACK OTHR TRANSFER,FUNDS TRF - FAST PIB2505015948982746 TRUST CASHBACK OTHR TRANSFER,R15_GENERIC_OUTFLOW,1,-38.63,-38.63,2025-05,2025-05,1,1,ONE_OFF,FAST:$38,INCOME/CASHBACK
OTHER_INCOME,INWARD CREDIT-FAST PAYNOW OTHR WONG KIT NIAN,INWARD CREDIT-FAST PAYNOW OTHR WONG KIT NIAN,R14_OTHER_INCOME,1,34.2,34.2,2022-04,2022-04,1,1,ONE_OFF,FAST:$34,
OTHER_INCOME,PAYNOW-FAST PAYNOW OTHR LING JESSICA BERNICE PAYNOW TRANSFER,PAYNOW-FAST PAYNOW OTHR LING JESSICA BERNICE PAYNOW TRANSFER,R14_OTHER_INCOME,3,32.0,10.67,2023-03,2023-08,6,3,SPORADIC,FAST:$32,
OTHER_INCOME,INWARD CREDIT-FAST PAYNOW OTHR IRYANI BINTE MOHAMED PAYNOW TRANSFER,INWARD CREDIT-FAST PAYNOW OTHR IRYANI BINTE MOHAMED PAYNOW TRANSFER,R14_OTHER_INCOME,1,31.0,31.0,2022-04,2022-04,1,1,ONE_OFF,FAST:$31,
OTHER_INCOME,INWARD CREDIT-FAST PAYNOW OTHR JY SEND BACK 82182630,INWARD CREDIT-FAST PAYNOW OTHR JY SEND BACK 82182630,R14_OTHER_INCOME,1,30.75,30.75,2022-04,2022-04,1,1,ONE_OFF,FAST:$30,POSSIBLE_TRANSFER
OTHER_INCOME,PAYNOW-FAST PAYNOW OTHR DEVASAHAYAM JOHN BAR LUNCH PAYMENT,PAYNOW-FAST PAYNOW OTHR DEVASAHAYAM JOHN BAR LUNCH PAYMENT,R14_OTHER_INCOME,1,30.0,30.0,2023-03,2023-03,1,1,ONE_OFF,FAST:$30,
OTHER_INCOME,PAYNOW-FAST PAYNOW OTHR HO YEW LEONG PAYNOW TRANSFER,PAYNOW-FAST PAYNOW OTHR HO YEW LEONG PAYNOW TRANSFER,R14_OTHER_INCOME,1,30.0,30.0,2024-02,2024-02,1,1,ONE_OFF,FAST:$30,
DISCRETIONARY,PAYNOW-FAST PIB2402291667500406 TANG YEW MUN JERALD OTHR TRANSFER - MOBILE,PAYNOW-FAST PIB2402291667500406 TANG YEW MUN JERALD OTHR TRANSFER - MOBILE,R15_GENERIC_OUTFLOW,1,-30.0,-30.0,2024-02,2024-02,1,1,ONE_OFF,FAST:$30,POSSIBLE_TRANSFER
DISCRETIONARY,PAYNOW-FAST PIB2506276582362424 JOHN OTHR TRANSFER - MOBILE,PAYNOW-FAST PIB2506276582362424 JOHN OTHR TRANSFER - MOBILE,R15_GENERIC_OUTFLOW,1,-30.0,-30.0,2025-06,2025-06,1,1,ONE_OFF,FAST:$30,POSSIBLE_TRANSFER
OTHER_INCOME,PAYNOW-FAST PAYNOW OTHR MA SICONG PAYNOW TRANSFER,PAYNOW-FAST PAYNOW OTHR MA SICONG PAYNOW TRANSFER,R14_OTHER_INCOME,2,25.2,12.6,2023-02,2023-09,8,2,ONE_OFF,FAST:$25,
OTHER_INCOME,PAYNOW-FAST PAYNOW OTHR JOANNA WONG EN-QI,PAYNOW-FAST PAYNOW OTHR JOANNA WONG EN-QI,R14_OTHER_INCOME,1,25.0,25.0,2025-05,2025-05,1,1,ONE_OFF,FAST:$25,
DISCRETIONARY,INWARD DR - GIRO TCSC C91528519610 WESTCOASTTOWNCOUNCIL WA-GDED-0000013339099,INWARD DR - GIRO TCSC C91528519610 WESTCOASTTOWNCOUNCIL WA-GDED-0000013339099,R15_GENERIC_OUTFLOW,1,-24.55,-24.55,2023-07,2023-07,1,1,ONE_OFF,GIRO:$24,HOUSING/TOWN_COUNCIL_FEES
OTHER_INCOME,INWARD CREDIT-FAST PAYNOW OTHR GE LIFE - NON-PAR FU 0080995580,INWARD CREDIT-FAST PAYNOW OTHR GE LIFE - NON-PAR FU 0080995580,R14_OTHER_INCOME,1,24.0,24.0,2022-05,2022-05,1,1,ONE_OFF,FAST:$24,POSSIBLE_TRANSFER
DISCRETIONARY,INWARD DR - GIRO TCSC C91528519610 WESTCOASTTOWNCOUNCIL WA-GDED-0000000940263,INWARD DR - GIRO TCSC C91528519610 WESTCOASTTOWNCOUNCIL WA-GDED-0000000940263,R15_GENERIC_OUTFLOW,1,-23.0,-23.0,2021-01,2021-01,1,1,ONE_OFF,GIRO:$23,HOUSING/TOWN_COUNCIL_FEES
DISCRETIONARY,INWARD DR - GIRO TCSC C91528519610 WESTCOASTTOWNCOUNCIL WA-GDED-0000002139575,INWARD DR - GIRO TCSC C91528519610 WESTCOASTTOWNCOUNCIL WA-GDED-0000002139575,R15_GENERIC_OUTFLOW,1,-23.0,-23.0,2021-07,2021-07,1,1,ONE_OFF,GIRO:$23,HOUSING/TOWN_COUNCIL_FEES
DISCRETIONARY,INWARD DR - GIRO TCSC C91528519610 WESTCOASTTOWNCOUNCIL WA-GDED-0000002739518,INWARD DR - GIRO TCSC C91528519610 WESTCOASTTOWNCOUNCIL WA-GDED-0000002739518,R15_GENERIC_OUTFLOW,1,-23.0,-23.0,2021-10,2021-10,1,1,ONE_OFF,GIRO:$23,HOUSING/TOWN_COUNCIL_FEES
DISCRETIONARY,INWARD DR - GIRO TCSC C91528519610 WESTCOASTTOWNCOUNCIL WA-GDED-0000003340125,INWARD DR - GIRO TCSC C91528519610 WESTCOASTTOWNCOUNCIL WA-GDED-0000003340125,R15_GENERIC_OUTFLOW,1,-23.0,-23.0,2022-01,2022-01,1,1,ONE_OFF,GIRO:$23,HOUSING/TOWN_COUNCIL_FEES
DISCRETIONARY,INWARD DR - GIRO TCSC C91528519610 WESTCOASTTOWNCOUNCIL WA-GDED-0000004539391,INWARD DR - GIRO TCSC C91528519610 WESTCOASTTOWNCOUNCIL WA-GDED-0000004539391,R15_GENERIC_OUTFLOW,1,-23.0,-23.0,2022-07,2022-07,1,1,ONE_OFF,GIRO:$23,HOUSING/TOWN_COUNCIL_FEES
DISCRETIONARY,INWARD DR - GIRO TCSC C91528519610 WESTCOASTTOWNCOUNCIL WA-GDED-0000005139362,INWARD DR - GIRO TCSC C91528519610 WESTCOASTTOWNCOUNCIL WA-GDED-0000005139362,R15_GENERIC_OUTFLOW,1,-23.0,-23.0,2022-10,2022-10,1,1,ONE_OFF,GIRO:$23,HOUSING/TOWN_COUNCIL_FEES
DISCRETIONARY,INWARD DR - GIRO TCSC C91528519610 WESTCOASTTOWNCOUNCIL WA-GDED-0000007339901,INWARD DR - GIRO TCSC C91528519610 WESTCOASTTOWNCOUNCIL WA-GDED-0000007339901,R15_GENERIC_OUTFLOW,1,-23.0,-23.0,2023-01,2023-01,1,1,ONE_OFF,GIRO:$23,HOUSING/TOWN_COUNCIL_FEES
OTHER_INCOME,PAYNOW-FAST PAYNOW OTHR CHARLENE QUITALIG LE PAYNOW TRANSFER,PAYNOW-FAST PAYNOW OTHR CHARLENE QUITALIG LE PAYNOW TRANSFER,R14_OTHER_INCOME,1,22.0,22.0,2024-03,2024-03,1,1,ONE_OFF,FAST:$22,
DISCRETIONARY,PAYNOW-FAST PIB2501164837499367 GLOBAL TOTS MOUNTBAT OTHR SIOW WENLONG INFANTPAR,PAYNOW-FAST PIB2501164837499367 GLOBAL TOTS MOUNTBAT OTHR SIOW WENLONG INFANTPAR,R15_GENERIC_OUTFLOW,1,-21.8,-21.8,2025-01,2025-01,1,1,ONE_OFF,FAST:$21,POSSIBLE_TRANSFER
DISCRETIONARY,PAYNOW-FAST PIB2503215497652633 PEER & FOOD PTE. LTD OTHR 202111064GI12BD7227486,PAYNOW-FAST PIB2503215497652633 PEER & FOOD PTE. LTD OTHR 202111064GI12BD7227486,R15_GENERIC_OUTFLOW,1,-21.8,-21.8,2025-03,2025-03,1,1,ONE_OFF,FAST:$21,POSSIBLE_TRANSFER
DISCRETIONARY,PAYNOW-FAST PIB2206137050634821 CLARENCE OTHR TRANSFER - MOBILE,PAYNOW-FAST PIB2206137050634821 CLARENCE OTHR TRANSFER - MOBILE,R15_GENERIC_OUTFLOW,1,-20.0,-20.0,2022-06,2022-06,1,1,ONE_OFF,FAST:$20,POSSIBLE_TRANSFER
DISCRETIONARY,PAYNOW-FAST PIB2304289056799305 RAJESH OTHR TRANSFER - MOBILE,PAYNOW-FAST PIB2304289056799305 RAJESH OTHR TRANSFER - MOBILE,R15_GENERIC_OUTFLOW,1,-20.0,-20.0,2023-04,2023-04,1,1,ONE_OFF,FAST:$20,POSSIBLE_TRANSFER
DISCRETIONARY,PAYNOW-FAST PIB2303108711225620 SICONG OTHR TRANSFER - MOBILE,PAYNOW-FAST PIB2303108711225620 SICONG OTHR TRANSFER - MOBILE,R15_GENERIC_OUTFLOW,1,-19.0,-19.0,2023-03,2023-03,1,1,ONE_OFF,FAST:$19,POSSIBLE_TRANSFER
DISCRETIONARY,NETS DEBIT-CONSUMER KILLINEY DU13067400 XXXXXX2744,NETS DEBIT-CONSUMER KILLINEY DU13067400 XXXXXX2744,R15_GENERIC_OUTFLOW,1,-16.2,-16.2,2023-12,2023-12,1,1,ONE_OFF,NETS:$16,
DISCRETIONARY,PAYNOW-FAST YEO SONG KHOON MBK2508047017001915,PAYNOW-FAST YEO SONG KHOON MBK2508047017001915,R15_GENERIC_OUTFLOW,1,-16.0,-16.0,2025-08,2025-08,1,1,ONE_OFF,FAST:$16,POSSIBLE_TRANSFER
DISCRETIONARY,NETS DEBIT-CONSUMER COMFORT TR20202100 79608204,NETS DEBIT-CONSUMER COMFORT TR20202100 79608204,R15_GENERIC_OUTFLOW,1,-15.6,-15.6,2021-03,2021-03,1,1,ONE_OFF,NETS:$15,TRANSPORT/TAXI
DISCRETIONARY,PAYNOW-FAST PIB2309060099479873 SHAR OTHR TRANSFER - MOBILE,PAYNOW-FAST PIB2309060099479873 SHAR OTHR TRANSFER - MOBILE,R15_GENERIC_OUTFLOW,1,-14.0,-14.0,2023-09,2023-09,1,1,ONE_OFF,FAST:$14,POSSIBLE_TRANSFER
DISCRETIONARY,PAYNOW-FAST PIB2309210218312577 QB NET INTERNATIONAL OTHR 200210970DB38QTU320731,PAYNOW-FAST PIB2309210218312577 QB NET INTERNATIONAL OTHR 200210970DB38QTU320731,R15_GENERIC_OUTFLOW,1,-14.0,-14.0,2023-09,2023-09,1,1,ONE_OFF,FAST:$14,POSSIBLE_TRANSFER
DISCRETIONARY,PAYNOW-FAST PIB2406252779164457 QB NET INTERNATIONAL OTHR 200210970DB21USG320731,PAYNOW-FAST PIB2406252779164457 QB NET INTERNATIONAL OTHR 200210970DB21USG320731,R15_GENERIC_OUTFLOW,1,-14.0,-14.0,2024-06,2024-06,1,1,ONE_OFF,FAST:$14,POSSIBLE_TRANSFER
DISCRETIONARY,NETS DEBIT-CONSUMER KILLINEY DU08167400 XXXXXX2744,NETS DEBIT-CONSUMER KILLINEY DU08167400 XXXXXX2744,R15_GENERIC_OUTFLOW,1,-13.9,-13.9,2024-02,2024-02,1,1,ONE_OFF,NETS:$13,
OTHER_INCOME,"PAYNOW-FAST PAYNOW OTHR TONG, LISHA LUNCH","PAYNOW-FAST PAYNOW OTHR TONG, LISHA LUNCH",R14_OTHER_INCOME,1,13.6,13.6,2023-06,2023-06,1,1,ONE_OFF,FAST:$13,
DISCRETIONARY,PAYNOW-FAST PIB2311030589215879 CITADINES KITCHENS ( OTHR QL0YTX6SA1FZ00000002X1,PAYNOW-FAST PIB2311030589215879 CITADINES KITCHENS ( OTHR QL0YTX6SA1FZ00000002X1,R15_GENERIC_OUTFLOW,1,-11.2,-11.2,2023-11,2023-11,1,1,ONE_OFF,FAST:$11,POSSIBLE_TRANSFER
DISCRETIONARY,NETS DEBIT-CONSUMER PS PTE LTD11549800 XXXXXX2744,NETS DEBIT-CONSUMER PS PTE LTD11549800 XXXXXX2744,R15_GENERIC_OUTFLOW,1,-11.0,-11.0,2024-02,2024-02,1,1,ONE_OFF,NETS:$11,
DISCRETIONARY,PAYNOW-FAST PIB2404122087613287 KEPPEL ELECTRIC PTE OTHR K202293178,PAYNOW-FAST PIB2404122087613287 KEPPEL ELECTRIC PTE OTHR K202293178,R15_GENERIC_OUTFLOW,1,-10.82,-10.82,2024-04,2024-04,1,1,ONE_OFF,FAST:$10,POSSIBLE_TRANSFER
DISCRETIONARY,NETS DEBIT-CONSUMER AUNTIE PENG12327335 XXXXXX2744,NETS DEBIT-CONSUMER AUNTIE PENG12327335 XXXXXX2744,R15_GENERIC_OUTFLOW,1,-10.6,-10.6,2024-10,2024-10,1,1,ONE_OFF,NETS:$10,
DISCRETIONARY,NETS DEBIT-CONSUMER AH CHEW DES19204348 XXXXXX2744,NETS DEBIT-CONSUMER AH CHEW DES19204348 XXXXXX2744,R15_GENERIC_OUTFLOW,1,-10.4,-10.4,2024-02,2024-02,1,1,ONE_OFF,NETS:$10,
OTHER_INCOME,PAYNOW-FAST PAYNOW OTHR XU CONGYUAN PAYNOW TRANSFER,PAYNOW-FAST PAYNOW OTHR XU CONGYUAN PAYNOW TRANSFER,R14_OTHER_INCOME,1,10.0,10.0,2023-04,2023-04,1,1,ONE_OFF,FAST:$10,
DISCRETIONARY,PAYNOW-FAST PIB2401091196173278 KENNY ANG OTHR TRANSFER - MOBILE,PAYNOW-FAST PIB2401091196173278 KENNY ANG OTHR TRANSFER - MOBILE,R15_GENERIC_OUTFLOW,1,-10.0,-10.0,2024-01,2024-01,1,1,ONE_OFF,FAST:$10,POSSIBLE_TRANSFER
DISCRETIONARY,PAYNOW-FAST PIB2403151816126832 LI YING OTHR TRANSFER - MOBILE,PAYNOW-FAST PIB2403151816126832 LI YING OTHR TRANSFER - MOBILE,R15_GENERIC_OUTFLOW,1,-10.0,-10.0,2024-03,2024-03,1,1,ONE_OFF,FAST:$10,POSSIBLE_TRANSFER
DISCRETIONARY,PAYNOW-FAST BAKER'S WELL HOLDIN MBK2409103537643012,PAYNOW-FAST BAKER'S WELL HOLDIN MBK2409103537643012,R15_GENERIC_OUTFLOW,1,-8.8,-8.8,2024-09,2024-09,1,1,ONE_OFF,FAST:$8,POSSIBLE_TRANSFER
DISCRETIONARY,NETS DEBIT-CONSUMER ASHES AT GM17405000 XXXXXX2744,NETS DEBIT-CONSUMER ASHES AT GM17405000 XXXXXX2744,R15_GENERIC_OUTFLOW,1,-8.4,-8.4,2024-02,2024-02,1,1,ONE_OFF,NETS:$8,
DISCRETIONARY,NETS DEBIT-CONSUMER GEM FRESH11288300 XXXXXX2744,NETS DEBIT-CONSUMER GEM FRESH11288300 XXXXXX2744,R15_GENERIC_OUTFLOW,1,-8.1,-8.1,2024-02,2024-02,1,1,ONE_OFF,NETS:$8,
DISCRETIONARY,PAYNOW-FAST PIB2303128725738394 HDB HFD EPORTAL OTHR PA145700,PAYNOW-FAST PIB2303128725738394 HDB HFD EPORTAL OTHR PA145700,R15_GENERIC_OUTFLOW,1,-8.08,-8.08,2023-03,2023-03,1,1,ONE_OFF,FAST:$8,POSSIBLE_TRANSFER
DISCRETIONARY,PAYNOW-FAST PIB2208257442027866 ALVYNN W OTHR TRANSFER - MOBILE,PAYNOW-FAST PIB2208257442027866 ALVYNN W OTHR TRANSFER - MOBILE,R15_GENERIC_OUTFLOW,1,-7.9,-7.9,2022-08,2022-08,1,1,ONE_OFF,FAST:$7,POSSIBLE_TRANSFER
DISCRETIONARY,NETS DEBIT-CONSUMER ISS CATERIN11060600 XXXXXX2744,NETS DEBIT-CONSUMER ISS CATERIN11060600 XXXXXX2744,R15_GENERIC_OUTFLOW,1,-7.8,-7.8,2024-04,2024-04,1,1,ONE_OFF,NETS:$7,
DISCRETIONARY,PAYNOW-FAST PIB2207077180577464 JIA XIANG KUCHING RE OTHR 200416986GARCVT5921752,PAYNOW-FAST PIB2207077180577464 JIA XIANG KUCHING RE OTHR 200416986GARCVT5921752,R15_GENERIC_OUTFLOW,1,-7.52,-7.52,2022-07,2022-07,1,1,ONE_OFF,FAST:$7,POSSIBLE_TRANSFER
DISCRETIONARY,PAYNOW-FAST PIB2307149657987635 SHAR OTHR TRANSFER - MOBILE,PAYNOW-FAST PIB2307149657987635 SHAR OTHR TRANSFER - MOBILE,R15_GENERIC_OUTFLOW,1,-7.0,-7.0,2023-07,2023-07,1,1,ONE_OFF,FAST:$7,POSSIBLE_TRANSFER
DISCRETIONARY,PAYNOW-FAST PIB2510147844046921 BAKERY CUISINE PTE. OTHR TRANSFER - UEN,PAYNOW-FAST PIB2510147844046921 BAKERY CUISINE PTE. OTHR TRANSFER - UEN,R15_GENERIC_OUTFLOW,1,-6.9,-6.9,2025-10,2025-10,1,1,ONE_OFF,FAST:$6,POSSIBLE_TRANSFER
DISCRETIONARY,PAYNOW-FAST BAKER'S WELL HOLDIN MBK2405052303044085,PAYNOW-FAST BAKER'S WELL HOLDIN MBK2405052303044085,R15_GENERIC_OUTFLOW,1,-6.8,-6.8,2024-05,2024-05,1,1,ONE_OFF,FAST:$6,POSSIBLE_TRANSFER
DISCRETIONARY,PAYNOW-FAST PIB2311100649391073 CITADINES KITCHENS ( OTHR QL0YTX6SA1FZ00000002X1,PAYNOW-FAST PIB2311100649391073 CITADINES KITCHENS ( OTHR QL0YTX6SA1FZ00000002X1,R15_GENERIC_OUTFLOW,1,-6.2,-6.2,2023-11,2023-11,1,1,ONE_OFF,FAST:$6,POSSIBLE_TRANSFER
DISCRETIONARY,NETS DEBIT-CONSUMER HI LESKMI11593400 XXXXXX2744,NETS DEBIT-CONSUMER HI LESKMI11593400 XXXXXX2744,R15_GENERIC_OUTFLOW,1,-6.0,-6.0,2024-10,2024-10,1,1,ONE_OFF,NETS:$6,
DISCRETIONARY,PAYNOW-FAST PIB2505226181328634 SODEXO SINGAPORE PTE OTHR 198200257NHPFFQF411180,PAYNOW-FAST PIB2505226181328634 SODEXO SINGAPORE PTE OTHR 198200257NHPFFQF411180,R15_GENERIC_OUTFLOW,1,-5.9,-5.9,2025-05,2025-05,1,1,ONE_OFF,FAST:$5,POSSIBLE_TRANSFER
DISCRETIONARY,PAYNOW-FAST PIB2312110925288663 CITADINES KITCHENS ( OTHR QL0YTX6SA1FZ00000002X1,PAYNOW-FAST PIB2312110925288663 CITADINES KITCHENS ( OTHR QL0YTX6SA1FZ00000002X1,R15_GENERIC_OUTFLOW,1,-5.6,-5.6,2023-12,2023-12,1,1,ONE_OFF,FAST:$5,POSSIBLE_TRANSFER
DISCRETIONARY,NETS DEBIT-CONSUMER POLAR PUFF19554500 79608204,NETS DEBIT-CONSUMER POLAR PUFF19554500 79608204,R15_GENERIC_OUTFLOW,1,-5.2,-5.2,2021-05,2021-05,1,1,ONE_OFF,NETS:$5,
DISCRETIONARY,NETS DEBIT-CONSUMER TIONG BAHRU11462400 XXXXXX2744,NETS DEBIT-CONSUMER TIONG BAHRU11462400 XXXXXX2744,R15_GENERIC_OUTFLOW,1,-5.0,-5.0,2025-07,2025-07,1,1,ONE_OFF,NETS:$5,
DISCRETIONARY,PAYNOW-FAST BAKER'S WELL HOLDIN MBK2408313432541188,PAYNOW-FAST BAKER'S WELL HOLDIN MBK2408313432541188,R15_GENERIC_OUTFLOW,1,-4.8,-4.8,2024-08,2024-08,1,1,ONE_OFF,FAST:$4,POSSIBLE_TRANSFER
DISCRETIONARY,PAYNOW-FAST PIB2208277452261933 ROMESEOW OTHR TRANSFER - MOBILE,PAYNOW-FAST PIB2208277452261933 ROMESEOW OTHR TRANSFER - MOBILE,R15_GENERIC_OUTFLOW,1,-4.8,-4.8,2022-08,2022-08,1,1,ONE_OFF,FAST:$4,POSSIBLE_TRANSFER
DISCRETIONARY,PAYNOW-FAST PIB2309290282124568 CITADINES KITCHENS ( OTHR QS,PAYNOW-FAST PIB2309290282124568 CITADINES KITCHENS ( OTHR QS,R15_GENERIC_OUTFLOW,1,-4.8,-4.8,2023-09,2023-09,1,1,ONE_OFF,FAST:$4,POSSIBLE_TRANSFER
DISCRETIONARY,PAYNOW-FAST PIB2311020583126507 CITADINES KITCHENS ( OTHR QL0YTX6SA1FZ00000002X1,PAYNOW-FAST PIB2311020583126507 CITADINES KITCHENS ( OTHR QL0YTX6SA1FZ00000002X1,R15_GENERIC_OUTFLOW,1,-4.8,-4.8,2023-11,2023-11,1,1,ONE_OFF,FAST:$4,POSSIBLE_TRANSFER
DISCRETIONARY,PAYNOW-FAST PIB2401231320313384 CITADINES KITCHENS ( OTHR QL0YTX6SA1FZ00000002X1,PAYNOW-FAST PIB2401231320313384 CITADINES KITCHENS ( OTHR QL0YTX6SA1FZ00000002X1,R15_GENERIC_OUTFLOW,1,-4.8,-4.8,2024-01,2024-01,1,1,ONE_OFF,FAST:$4,POSSIBLE_TRANSFER
DISCRETIONARY,NETS DEBIT-CONSUMER QI JI RETA20589500 79608204,NETS DEBIT-CONSUMER QI JI RETA20589500 79608204,R15_GENERIC_OUTFLOW,1,-4.6,-4.6,2021-01,2021-01,1,1,ONE_OFF,NETS:$4,
DISCRETIONARY,NETS DEBIT-CONSUMER MYCK18261700 XXXXXX2744,NETS DEBIT-CONSUMER MYCK18261700 XXXXXX2744,R15_GENERIC_OUTFLOW,1,-4.4,-4.4,2024-01,2024-01,1,1,ONE_OFF,NETS:$4,
DISCRETIONARY,NETS DEBIT-CONSUMER MYCK18501700 XXXXXX2744,NETS DEBIT-CONSUMER MYCK18501700 XXXXXX2744,R15_GENERIC_OUTFLOW,1,-4.4,-4.4,2024-01,2024-01,1,1,ONE_OFF,NETS:$4,
DISCRETIONARY,PAYNOW-FAST BAKER'S WELL HOLDIN MBK2409233655325355,PAYNOW-FAST BAKER'S WELL HOLDIN MBK2409233655325355,R15_GENERIC_OUTFLOW,1,-4.0,-4.0,2024-09,2024-09,1,1,ONE_OFF,FAST:$4,POSSIBLE_TRANSFER
DISCRETIONARY,NETS DEBIT-CONSUMER AUNTY OATS 08537500 XXXXXX2744,NETS DEBIT-CONSUMER AUNTY OATS 08537500 XXXXXX2744,R15_GENERIC_OUTFLOW,1,-3.9,-3.9,2025-01,2025-01,1,1,ONE_OFF,NETS:$3,
DISCRETIONARY,NETS DEBIT-CONSUMER AUNTY OATS 09207500 XXXXXX2744,NETS DEBIT-CONSUMER AUNTY OATS 09207500 XXXXXX2744,R15_GENERIC_OUTFLOW,1,-3.9,-3.9,2025-02,2025-02,1,1,ONE_OFF,NETS:$3,
DISCRETIONARY,NETS DEBIT-CONSUMER AUNTY OATS 09337500 XXXXXX2744,NETS DEBIT-CONSUMER AUNTY OATS 09337500 XXXXXX2744,R15_GENERIC_OUTFLOW,1,-3.9,-3.9,2025-01,2025-01,1,1,ONE_OFF,NETS:$3,
DISCRETIONARY,PAYNOW-FAST PIB2207097190523584 KOI THE SINGAPORE PT OTHR QPSGC03522070914580116,PAYNOW-FAST PIB2207097190523584 KOI THE SINGAPORE PT OTHR QPSGC03522070914580116,R15_GENERIC_OUTFLOW,1,-3.4,-3.4,2022-07,2022-07,1,1,ONE_OFF,FAST:$3,POSSIBLE_TRANSFER
DISCRETIONARY,NETS DEBIT-CONSUMER RAINTREE BA17141893 XXXXXX2744,NETS DEBIT-CONSUMER RAINTREE BA17141893 XXXXXX2744,R15_GENERIC_OUTFLOW,1,-3.2,-3.2,2024-04,2024-04,1,1,ONE_OFF,NETS:$3,
DISCRETIONARY,PAYNOW-FAST PIB2311090639903475 WES OTHR TRANSFER - MOBILE,PAYNOW-FAST PIB2311090639903475 WES OTHR TRANSFER - MOBILE,R15_GENERIC_OUTFLOW,1,-3.0,-3.0,2023-11,2023-11,1,1,ONE_OFF,FAST:$3,POSSIBLE_TRANSFER
DISCRETIONARY,NETS DEBIT-CONSUMER YI JI DRINK09203300 XXXXXX2744,NETS DEBIT-CONSUMER YI JI DRINK09203300 XXXXXX2744,R15_GENERIC_OUTFLOW,1,-2.7,-2.7,2024-11,2024-11,1,1,ONE_OFF,NETS:$2,
DISCRETIONARY,NETS DEBIT-CONSUMER AUNTY OATS 08497500 XXXXXX2744,NETS DEBIT-CONSUMER AUNTY OATS 08497500 XXXXXX2744,R15_GENERIC_OUTFLOW,1,-2.6,-2.6,2025-06,2025-06,1,1,ONE_OFF,NETS:$2,
DISCRETIONARY,NETS DEBIT-CONSUMER AUNTY OATS 08587500 XXXXXX2744,NETS DEBIT-CONSUMER AUNTY OATS 08587500 XXXXXX2744,R15_GENERIC_OUTFLOW,1,-2.6,-2.6,2025-01,2025-01,1,1,ONE_OFF,NETS:$2,
DISCRETIONARY,NETS DEBIT-CONSUMER AUNTY OATS 09177500 XXXXXX2744,NETS DEBIT-CONSUMER AUNTY OATS 09177500 XXXXXX2744,R15_GENERIC_OUTFLOW,1,-2.6,-2.6,2024-11,2024-11,1,1,ONE_OFF,NETS:$2,
DISCRETIONARY,NETS DEBIT-CONSUMER 75 AH BALLI12542200 XXXXXX2744,NETS DEBIT-CONSUMER 75 AH BALLI12542200 XXXXXX2744,R15_GENERIC_OUTFLOW,1,-2.5,-2.5,2024-03,2024-03,1,1,ONE_OFF,NETS:$2,
DISCRETIONARY,NETS DEBIT-CONSUMER AUNTIE PENG12537337 XXXXXX2744,NETS DEBIT-CONSUMER AUNTIE PENG12537337 XXXXXX2744,R15_GENERIC_OUTFLOW,1,-2.5,-2.5,2025-04,2025-04,1,1,ONE_OFF,NETS:$2,
DISCRETIONARY,PAYNOW-FAST PIB2410113849449520 JUZ BREAD OTHR TRANSFER - UEN,PAYNOW-FAST PIB2410113849449520 JUZ BREAD OTHR TRANSFER - UEN,R15_GENERIC_OUTFLOW,1,-2.5,-2.5,2024-10,2024-10,1,1,ONE_OFF,FAST:$2,POSSIBLE_TRANSFER
DISCRETIONARY,PAYNOW-FAST PIB2208257444493087 ROMESEOW OTHR TRANSFER - MOBILE,PAYNOW-FAST PIB2208257444493087 ROMESEOW OTHR TRANSFER - MOBILE,R15_GENERIC_OUTFLOW,1,-2.4,-2.4,2022-08,2022-08,1,1,ONE_OFF,FAST:$2,POSSIBLE_TRANSFER
DISCRETIONARY,NETS DEBIT-CONSUMER MR BEAN15594700 XXXXXX2744,NETS DEBIT-CONSUMER MR BEAN15594700 XXXXXX2744,R15_GENERIC_OUTFLOW,1,-2.3,-2.3,2024-03,2024-03,1,1,ONE_OFF,NETS:$2,
DISCRETIONARY,NETS DEBIT-CONSUMER MR BEAN IN11584700 79608204,NETS DEBIT-CONSUMER MR BEAN IN11584700 79608204,R15_GENERIC_OUTFLOW,1,-2.2,-2.2,2023-09,2023-09,1,1,ONE_OFF,NETS:$2,
DISCRETIONARY,PAYNOW-FAST PIB2510127824357050 BAKERY CUISINE PTE. OTHR TRANSFER - UEN,PAYNOW-FAST PIB2510127824357050 BAKERY CUISINE PTE. OTHR TRANSFER - UEN,R15_GENERIC_OUTFLOW,1,-2.2,-2.2,2025-10,2025-10,1,1,ONE_OFF,FAST:$2,POSSIBLE_TRANSFER
DISCRETIONARY,PAYNOW-FAST PIB2509227584978295 BAKERY CUISINE PTE. OTHR TRANSFER - UEN,PAYNOW-FAST PIB2509227584978295 BAKERY CUISINE PTE. OTHR TRANSFER - UEN,R15_GENERIC_OUTFLOW,1,-2.0,-2.0,2025-09,2025-09,1,1,ONE_OFF,FAST:$2,POSSIBLE_TRANSFER
DISCRETIONARY,NETS DEBIT-CONSUMER CS 6511457800 XXXXXX2744,NETS DEBIT-CONSUMER CS 6511457800 XXXXXX2744,R15_GENERIC_OUTFLOW,1,-1.8,-1.8,2023-11,2023-11,1,1,ONE_OFF,NETS:$1,
DISCRETIONARY,NETS DEBIT-CONSUMER HAPPINESS P09223357 XXXXXX2744,NETS DEBIT-CONSUMER HAPPINESS P09223357 XXXXXX2744,R15_GENERIC_OUTFLOW,1,-1.6,-1.6,2024-11,2024-11,1,1,ONE_OFF,NETS:$1,
DISCRETIONARY,PAYNOW-FAST PIB2505226181864614 SODEXO SINGAPORE PTE OTHR 198200257NHPFFQF411180,PAYNOW-FAST PIB2505226181864614 SODEXO SINGAPORE PTE OTHR 198200257NHPFFQF411180,R15_GENERIC_OUTFLOW,1,-1.6,-1.6,2025-05,2025-05,1,1,ONE_OFF,FAST:$1,POSSIBLE_TRANSFER
DISCRETIONARY,CHEQUE CHARGES,CHEQUE CHARGES,R15_GENERIC_OUTFLOW,2,-1.5,-0.75,2023-11,2024-10,12,2,ONE_OFF,CHEQUE:$1,
OTHER_INCOME,INWARD CREDIT-FAST REFU REFUND WARBURG VENDING PTE QR3 W7037808 003417,INWARD CREDIT-FAST REFU REFUND WARBURG VENDING PTE QR3 W7037808 003417,R14_OTHER_INCOME,1,1.5,1.5,2024-06,2024-06,1,1,ONE_OFF,FAST:$1,INCOME/REFUND
DISCRETIONARY,PAYNOW-FAST PIB2405032290104515 WARBURG VENDING PTE OTHR QR3 W7037808 003417,PAYNOW-FAST PIB2405032290104515 WARBURG VENDING PTE OTHR QR3 W7037808 003417,R15_GENERIC_OUTFLOW,1,-1.5,-1.5,2024-05,2024-05,1,1,ONE_OFF,FAST:$1,POSSIBLE_TRANSFER
DISCRETIONARY,PAYNOW-FAST PIB2406072618946203 WARBURG VENDING PTE OTHR QR3 W7037808 003417,PAYNOW-FAST PIB2406072618946203 WARBURG VENDING PTE OTHR QR3 W7037808 003417,R15_GENERIC_OUTFLOW,1,-1.5,-1.5,2024-06,2024-06,1,1,ONE_OFF,FAST:$1,POSSIBLE_TRANSFER
DISCRETIONARY,PAYNOW-FAST PIB2409123561491536 WARBURG VENDING PTE OTHR QR3 W7037808 012744,PAYNOW-FAST PIB2409123561491536 WARBURG VENDING PTE OTHR QR3 W7037808 012744,R15_GENERIC_OUTFLOW,1,-1.5,-1.5,2024-09,2024-09,1,1,ONE_OFF,FAST:$1,POSSIBLE_TRANSFER
DISCRETIONARY,PAYNOW-FAST PIB2409123561494767 WARBURG VENDING PTE OTHR QR3 W7037808 012744,PAYNOW-FAST PIB2409123561494767 WARBURG VENDING PTE OTHR QR3 W7037808 012744,R15_GENERIC_OUTFLOW,1,-1.5,-1.5,2024-09,2024-09,1,1,ONE_OFF,FAST:$1,POSSIBLE_TRANSFER
DISCRETIONARY,PAYNOW-FAST PIB2508037004010958 EVERYDAY BAKERY 2 PT OTHR TRANSFER - UEN,PAYNOW-FAST PIB2508037004010958 EVERYDAY BAKERY 2 PT OTHR TRANSFER - UEN,R15_GENERIC_OUTFLOW,1,-1.4,-1.4,2025-08,2025-08,1,1,ONE_OFF,FAST:$1,POSSIBLE_TRANSFER
DISCRETIONARY,NETS DEBIT-CONSUMER AUNTY OATS 09157500 XXXXXX2744,NETS DEBIT-CONSUMER AUNTY OATS 09157500 XXXXXX2744,R15_GENERIC_OUTFLOW,1,-1.3,-1.3,2025-08,2025-08,1,1,ONE_OFF,NETS:$1,
DISCRETIONARY,PAYNOW-FAST PIB2403161825216475 WARBURG VENDING PTE OTHR QR3 W7037808 003417,PAYNOW-FAST PIB2403161825216475 WARBURG VENDING PTE OTHR QR3 W7037808 003417,R15_GENERIC_OUTFLOW,1,-1.3,-1.3,2024-03,2024-03,1,1,ONE_OFF,FAST:$1,POSSIBLE_TRANSFER
DISCRETIONARY,PAYNOW-FAST PIB2403291947568295 WARBURG VENDING PTE OTHR QR3 W7037808 003415,PAYNOW-FAST PIB2403291947568295 WARBURG VENDING PTE OTHR QR3 W7037808 003415,R15_GENERIC_OUTFLOW,1,-1.3,-1.3,2024-03,2024-03,1,1,ONE_OFF,FAST:$1,POSSIBLE_TRANSFER
DISCRETIONARY,PAYNOW-FAST PIB2404062029611037 WARBURG VENDING PTE OTHR QR3 W7037808 003417,PAYNOW-FAST PIB2404062029611037 WARBURG VENDING PTE OTHR QR3 W7037808 003417,R15_GENERIC_OUTFLOW,1,-1.3,-1.3,2024-04,2024-04,1,1,ONE_OFF,FAST:$1,POSSIBLE_TRANSFER
DISCRETIONARY,PAYNOW-FAST PIB2404092059092982 WARBURG VENDING PTE OTHR QR3 W7037808 003417,PAYNOW-FAST PIB2404092059092982 WARBURG VENDING PTE OTHR QR3 W7037808 003417,R15_GENERIC_OUTFLOW,1,-1.3,-1.3,2024-04,2024-04,1,1,ONE_OFF,FAST:$1,POSSIBLE_TRANSFER
DISCRETIONARY,PAYNOW-FAST PIB2404162119109696 WARBURG VENDING PTE OTHR QR3 W7037808 003417,PAYNOW-FAST PIB2404162119109696 WARBURG VENDING PTE OTHR QR3 W7037808 003417,R15_GENERIC_OUTFLOW,1,-1.3,-1.3,2024-04,2024-04,1,1,ONE_OFF,FAST:$1,POSSIBLE_TRANSFER
DISCRETIONARY,PAYNOW-FAST PIB2404232183883741 WARBURG VENDING PTE OTHR QR3 W7037808 003417,PAYNOW-FAST PIB2404232183883741 WARBURG VENDING PTE OTHR QR3 W7037808 003417,R15_GENERIC_OUTFLOW,1,-1.3,-1.3,2024-04,2024-04,1,1,ONE_OFF,FAST:$1,POSSIBLE_TRANSFER
DISCRETIONARY,PAYNOW-FAST PIB2404242188970605 WARBURG VENDING PTE OTHR QR3 W7037808 003417,PAYNOW-FAST PIB2404242188970605 WARBURG VENDING PTE OTHR QR3 W7037808 003417,R15_GENERIC_OUTFLOW,1,-1.3,-1.3,2024-04,2024-04,1,1,ONE_OFF,FAST:$1,POSSIBLE_TRANSFER
DISCRETIONARY,NETS DEBIT-CONSUMER CCMW DRINKS11259200 XXXXXX2744,NETS DEBIT-CONSUMER CCMW DRINKS11259200 XXXXXX2744,R15_GENERIC_OUTFLOW,1,-1.1,-1.1,2025-04,2025-04,1,1,ONE_OFF,NETS:$1,
DISCRETIONARY,PAYNOW-FAST PIB2509197548214380 HOE GUAN MINIMART OTHR TRANSFER - MOBILE,PAYNOW-FAST PIB2509197548214380 HOE GUAN MINIMART OTHR TRANSFER - MOBILE,R15_GENERIC_OUTFLOW,1,-1.0,-1.0,2025-09,2025-09,1,1,ONE_OFF,FAST:$1,POSSIBLE_TRANSFER
